,Fecha,Temperatura_Media,Precipitaciones,Humedad_Relativa,Radiaci√≥n_Solar,Velocidad_Viento,Ventas
0,2021-02-01,11.3,0.0,73.0,132.0,3.2,76.55
1,2021-02-03,10.0,0.0,88.0,49.0,1.4,46.88
2,2021-02-04,10.7,0.0,85.0,75.0,1.5,100.06
3,2021-02-05,11.7,0.13,75.0,124.0,1.6,377.79
4,2021-02-06,8.7,0.05,91.0,60.0,1.4,292.16
5,2021-02-07,6.9,0.02,81.0,123.0,2.6,381.85
6,2021-02-08,7.1,0.34,90.0,108.0,3.6,95.58
7,2021-02-10,11.4,0.0418518518518518,77.0,114.77777777777776,1.755555555555555,123.54
8,2021-02-11,11.4,0.09,96.0,41.0,2.1,98.72
9,2021-02-12,10.9,0.1,78.0,131.0,2.2,221.84
10,2021-02-13,10.2,0.0,67.0,142.0,1.2,649.75
11,2021-02-14,8.7,0.0,75.0,156.0,0.9,925.23
12,2021-02-15,9.9,0.0,76.0,130.0,1.0,147.57
13,2021-02-17,10.1,0.0,76.0,137.0,1.1,179.45
14,2021-02-18,9.0,0.0,73.0,149.0,1.6,225.56
15,2021-02-19,9.3,0.0,67.0,164.0,1.2,376.25
16,2021-02-20,10.3,0.0,59.0,157.0,2.0,731.47
17,2021-02-21,9.2,0.21,78.0,46.0,3.0,242.19
18,2021-02-22,7.8,0.0,66.0,103.0,1.8,128.92
19,2021-02-24,8.7,0.0,79.0,119.0,1.6,117.97
20,2021-02-25,10.1,0.0,72.0,113.0,1.3,176.8
21,2021-02-26,10.7,0.0,68.0,151.0,0.8,478.45
22,2021-02-27,11.7,0.0,59.0,189.0,0.8,1002.54
23,2021-02-28,9.1,0.0,67.0,156.0,2.3,535.21
24,2021-03-01,8.5,0.0,75.0,14.0,1.6,132.9
25,2021-03-03,11.1,0.0,74.0,110.0,0.7,110.58
26,2021-03-04,8.6,0.0,85.0,81.0,0.7,95.05
27,2021-03-05,9.7,0.0,76.0,142.0,1.0,413.29
28,2021-03-06,11.4,0.0,64.0,142.0,1.2,718.97
29,2021-03-07,9.9,0.12,75.0,144.0,1.1,475.69
30,2021-03-09,8.4,0.1,62.0,190.0,1.6,190.29
31,2021-03-10,7.4,0.0,64.0,218.0,1.2,206.3
32,2021-03-11,10.6,0.0,71.0,209.0,1.7,303.8
33,2021-03-12,10.3,0.0,67.0,187.0,1.9,321.59
34,2021-03-13,7.8,0.0,60.0,229.0,1.8,839.04
35,2021-03-14,9.5,0.0,59.0,215.0,1.1,1112.0
36,2021-03-16,11.5,0.0,50.0,234.0,2.5,308.65
37,2021-03-17,12.5,0.0,46.0,241.0,3.8,230.1
38,2021-03-18,8.6,0.0,44.0,203.0,2.2,219.07
39,2021-03-19,6.8,0.0,59.0,119.0,1.6,530.62
40,2021-03-20,6.6,0.0,42.0,251.0,2.6,496.77
41,2021-03-21,7.4,0.0,44.0,248.0,1.3,773.94
42,2021-03-23,10.4,0.0,52.0,249.0,1.0,323.49
43,2021-03-24,11.4,0.0,50.0,250.0,1.3,301.79
44,2021-03-25,12.0,0.0,51.0,243.0,1.5,392.43
45,2021-03-26,11.9,0.0,53.0,216.0,2.1,378.63
46,2021-03-27,11.6,0.0,60.0,169.0,1.3,851.68
47,2021-03-28,13.2,0.0,57.0,229.0,1.7,1117.14
48,2021-03-30,15.9,0.0,39.0,143.0,2.3,454.47
49,2021-03-31,15.3,0.0,40.0,234.0,2.1,592.7
50,2021-04-01,16.3,0.0,38.0,203.0,1.9,1203.42
51,2021-04-02,12.9,0.32,83.0,121.0,1.4,412.06
52,2021-04-03,12.5,0.05,77.0,192.0,1.0,623.34
53,2021-04-04,13.2,0.0,50.0,269.0,1.1,1366.58
54,2021-04-06,14.2,0.0,46.0,279.0,1.4,384.91
55,2021-04-07,12.9,0.0,41.0,270.0,1.9,436.2
56,2021-04-08,12.7,0.0,66.0,153.0,1.9,314.4
57,2021-04-09,10.6,0.28,77.0,94.0,1.6,339.95
58,2021-04-10,12.3,0.25,75.0,207.0,1.7,861.4
59,2021-04-11,11.8,0.38,83.0,178.0,1.7,591.65
60,2021-04-14,14.5,0.0,68.0,212.0,1.5,235.4
61,2021-04-15,13.2,0.0,66.0,121.0,2.0,198.75
62,2021-04-16,12.2,0.0,56.0,236.0,1.6,571.05
63,2021-04-17,9.9,0.0,40.0,302.0,1.7,1025.75
64,2021-04-18,10.9,0.0,46.0,295.0,1.6,1231.7
65,2021-04-20,13.6,0.0,65.0,189.0,1.7,135.15
66,2021-04-21,12.7,0.0,69.0,224.0,2.0,175.1
67,2021-04-22,12.5,0.32,82.0,150.0,1.1,139.2
68,2021-04-23,13.3,0.0,71.0,163.0,2.6,394.95
69,2021-04-24,12.4,0.2,73.0,139.0,2.6,459.4
70,2021-04-25,10.7,0.43,90.0,41.0,1.3,212.9
71,2021-04-27,13.7,0.07,79.0,182.0,1.3,172.95
72,2021-04-28,13.4,0.01,78.0,214.0,2.2,242.45
73,2021-04-29,12.6,0.01,74.0,248.0,3.5,261.3
74,2021-04-30,11.4,0.0,64.0,254.0,1.8,414.1
75,2021-05-01,11.4,0.0,62.0,184.0,1.2,698.0
76,2021-05-02,12.9,0.01,55.0,246.0,1.3,1322.05
77,2021-05-04,15.0,0.03,62.0,324.0,1.3,701.95
78,2021-05-05,17.3,0.0,47.0,321.0,1.5,471.0
79,2021-05-06,18.2,0.0,50.0,322.0,1.9,422.6
80,2021-05-07,20.6,0.0,44.0,320.0,1.7,967.8
81,2021-05-08,20.0,0.0,47.0,285.0,2.4,922.0
82,2021-05-10,11.0,0.0,68.0,287.0,3.2,131.8
83,2021-05-11,11.4,0.0,54.0,263.0,2.8,195.0
84,2021-05-12,13.9,0.01,57.0,281.0,3.5,235.4
85,2021-05-13,14.3,0.0,57.0,230.0,3.1,181.4
86,2021-05-14,16.6,0.0,46.0,327.0,2.0,737.6
87,2021-05-15,18.6,0.0,56.0,274.0,2.2,1186.0
88,2021-05-16,19.6,0.0,61.0,301.0,2.6,1020.3
89,2021-05-18,19.6,0.0,43.0,324.0,2.0,386.55
90,2021-05-19,19.3,0.0,41.0,341.0,1.8,493.4
91,2021-05-20,20.2,0.0,41.0,337.0,1.4,578.65
92,2021-05-21,21.4,0.0,44.0,303.0,1.9,729.1
93,2021-05-22,17.1,0.0,37.0,252.0,2.0,740.6
94,2021-05-23,14.8,0.0,49.0,209.0,1.8,638.2
95,2021-05-25,18.7,0.0,45.0,336.0,1.5,450.35
96,2021-05-26,20.4,0.0,53.0,304.0,2.0,438.15
97,2021-05-27,21.5,0.0,48.0,234.0,1.4,473.55
98,2021-05-28,21.0,0.06,59.0,257.0,1.5,767.5
99,2021-05-29,23.0,0.0,50.0,317.0,1.2,1216.5
100,2021-05-30,24.5,0.0,45.0,315.0,2.1,1373.95
101,2021-06-01,19.4,0.19,69.0,261.0,2.2,539.35
102,2021-06-02,19.7,0.0,57.0,308.0,1.5,578.95
103,2021-06-03,22.5,0.0,50.0,297.0,2.2,444.6
104,2021-06-04,22.4,0.0,39.0,351.0,1.9,883.55
105,2021-06-05,18.5,0.0,67.0,104.0,1.8,575.4
106,2021-06-06,21.2,0.01,58.0,311.0,1.3,1124.2
107,2021-06-07,24.6,0.0,39.0,334.0,1.6,390.0
108,2021-06-08,26.0,0.0,34.0,332.0,1.7,452.0
109,2021-06-09,26.4,0.0,29.0,353.0,2.0,552.4
110,2021-06-10,27.1,0.0,35.0,341.0,1.9,501.7
111,2021-06-11,25.3,0.03,43.0,303.0,1.9,473.05
112,2021-06-12,23.8,0.0,48.0,341.0,2.8,846.3
113,2021-06-13,25.0,0.0,40.0,308.0,2.7,898.8
114,2021-06-14,26.8,0.0,37.0,316.0,1.6,387.45
115,2021-06-16,25.2,0.45,46.0,266.0,2.5,444.65
116,2021-06-17,17.8,0.47,80.0,142.0,1.8,362.45
117,2021-06-18,18.8,0.23,71.0,272.0,2.3,480.15
118,2021-06-19,18.4,0.0,57.0,314.0,1.7,769.25
119,2021-06-20,16.2,0.0,70.0,196.0,3.7,569.8
120,2021-06-22,17.0,0.02,63.0,108.0,1.2,261.45
121,2021-06-23,15.4,0.0,73.0,159.0,1.0,468.6
122,2021-06-24,21.8,0.0608695652173913,52.30434782608695,274.2608695652174,2.0565217391304347,480.95
123,2021-06-25,21.8,0.0608695652173913,52.30434782608695,274.2608695652174,2.0565217391304347,574.8
124,2021-06-26,21.8,0.0608695652173913,52.30434782608695,274.2608695652174,2.0565217391304347,660.45
125,2021-06-27,21.8,0.0608695652173913,52.30434782608695,274.2608695652174,2.0565217391304347,761.75
126,2021-06-28,21.8,0.0608695652173913,52.30434782608695,274.2608695652174,2.0565217391304347,367.25
127,2021-06-29,21.8,0.0608695652173913,52.30434782608695,274.2608695652174,2.0565217391304347,578.65
128,2021-06-30,21.8,0.0608695652173913,52.30434782608695,274.2608695652174,2.0565217391304347,513.1
129,2021-07-01,25.53333333333333,0.0,17.0,524.0,3.7,537.1
130,2021-07-02,25.53333333333333,0.0,25.0,362.0,2.5,611.05
131,2021-07-03,25.53333333333333,0.0,35.0,340.0,2.8,995.4
132,2021-07-04,25.53333333333333,0.0,40.0,356.0,2.5,1036.4
133,2021-07-05,25.53333333333333,0.0,41.0,357.0,3.2,432.8
134,2021-07-06,25.53333333333333,0.04,62.0,64.0,2.0,277.0
135,2021-07-07,25.53333333333333,0.0,49.0,359.0,1.8,477.55
136,2021-07-08,25.53333333333333,0.0,39.0,355.0,1.5,507.85
137,2021-07-09,25.53333333333333,0.0,37.0,346.0,1.5,745.25
138,2021-07-10,25.53333333333333,0.0,39.0,399.0,1.7,716.9
139,2021-07-11,25.53333333333333,0.0056666666666666,35.46666666666667,341.26666666666665,2.056666666666666,689.7
140,2021-07-12,25.53333333333333,0.0,28.0,547.0,3.6,412.15
141,2021-07-13,25.53333333333333,0.0,36.0,351.0,1.6,421.1
142,2021-07-14,25.53333333333333,0.0,38.0,325.0,1.4,559.15
143,2021-07-15,25.53333333333333,0.0,36.0,345.0,1.6,598.55
144,2021-07-16,25.53333333333333,0.0,32.0,340.0,1.4,606.85
145,2021-07-17,25.53333333333333,0.0,25.0,339.0,1.5,666.2
146,2021-07-18,25.53333333333333,0.0,26.0,345.0,1.7,653.75
147,2021-07-19,25.53333333333333,0.0,31.0,344.0,1.5,373.5
148,2021-07-20,25.53333333333333,0.0,28.0,329.0,1.8,525.35
149,2021-07-21,25.53333333333333,0.0,29.0,328.0,1.5,452.5
150,2021-07-22,25.53333333333333,0.0,28.0,335.0,1.8,474.9
151,2021-07-23,25.53333333333333,0.0,27.0,329.0,2.6,726.55
152,2021-07-24,25.53333333333333,0.0,31.0,340.0,1.8,630.95
153,2021-07-25,25.53333333333333,0.04,34.0,321.0,1.8,606.8
154,2021-07-26,25.53333333333333,0.09,60.0,287.0,1.3,352.6
155,2021-07-27,25.53333333333333,0.0,44.0,327.0,2.2,449.1
156,2021-07-28,25.53333333333333,0.0,34.0,327.0,1.9,555.3
157,2021-07-29,25.53333333333333,0.0,40.0,325.0,2.4,388.2
158,2021-07-30,25.53333333333333,0.0,31.0,333.0,2.9,551.0
159,2021-07-31,25.53333333333333,0.0,42.0,259.0,2.2,668.9
160,2021-08-01,20.4,0.0,46.0,319.0,1.6,804.75
161,2021-08-10,28.9,0.0,44.0,297.0,1.8,478.35
162,2021-08-11,30.3,0.0,36.0,273.0,1.9,597.25
163,2021-08-12,30.1,0.0,32.0,305.0,2.2,333.7
164,2021-08-13,31.0,0.0,25.0,284.0,1.7,257.2
165,2021-08-14,32.7,0.0,26.0,269.0,1.7,420.95
166,2021-08-15,31.3,0.0,24.0,272.0,2.5,387.05
167,2021-08-16,27.7,0.0,22.0,297.0,1.5,269.15
168,2021-08-17,25.0,0.0,31.0,305.0,1.8,432.95
169,2021-08-18,25.8,0.0,33.0,296.0,1.6,513.35
170,2021-08-19,26.1,0.0,35.0,291.0,1.7,436.1
171,2021-08-20,26.5,0.0,39.0,296.0,1.8,543.4
172,2021-08-21,26.2,0.0,26.0,298.0,1.6,560.1
173,2021-08-22,27.2,0.0,27.0,285.0,1.3,597.6
174,2021-08-23,29.2,0.0,31.0,257.0,1.6,210.1
175,2021-08-24,26.2,0.0,42.0,246.0,1.8,348.6
176,2021-08-25,25.0,0.0,49.0,218.0,1.9,326.55
177,2021-08-26,26.2,0.0,45.0,226.0,1.2,420.6
178,2021-08-27,24.7,0.0,43.0,147.0,1.3,510.1
179,2021-08-28,25.7,0.0,34.0,276.0,2.2,643.1
180,2021-08-29,24.7,0.0,37.0,276.0,2.0,788.8
181,2021-08-30,24.4,0.0,43.0,273.0,2.1,383.45
182,2021-08-31,24.9,0.0,47.0,245.0,1.5,477.7
183,2021-09-01,19.4,0.65,81.0,103.0,1.6,161.45
184,2021-09-02,19.0,0.03,77.0,194.0,1.2,337.7
185,2021-09-03,21.5,0.0,64.0,248.0,1.3,512.85
186,2021-09-04,23.0,0.0,50.0,264.0,1.2,793.75
187,2021-09-05,24.3,0.0,48.0,255.0,1.2,801.25
188,2021-09-06,25.4,0.0,46.0,141.0,1.8,334.85
189,2021-09-07,25.8,0.0,42.0,241.0,1.9,481.25
190,2021-09-08,22.1,0.0,54.0,253.0,3.0,384.85
191,2021-09-09,21.9,0.0,55.0,187.0,1.7,355.9
192,2021-09-10,22.4,0.0,51.0,248.0,2.4,534.0
193,2021-09-11,20.7,0.0,52.0,173.0,1.4,707.85
194,2021-09-12,22.6,0.0,46.0,241.0,1.2,770.9
195,2021-09-13,20.4,0.01,58.0,93.0,1.2,58.8
196,2021-09-14,17.6,1.18,85.0,56.0,1.8,104.8
197,2021-09-15,18.5,0.01,79.0,195.0,1.4,282.5
198,2021-09-16,20.2,0.0,67.0,179.0,0.9,360.45
199,2021-09-17,20.3,0.0,65.0,197.0,1.3,609.1
200,2021-09-18,19.8,0.0,55.0,224.0,1.6,692.9
201,2021-09-19,17.6,0.0,50.0,241.0,0.9,762.75
202,2021-09-20,17.3,0.0,56.0,200.0,1.5,144.0
203,2021-09-21,16.2,0.0,49.0,238.0,2.5,199.6
204,2021-09-22,16.6,0.03,60.0,148.0,1.6,207.4
205,2021-09-23,19.0,0.18,65.0,170.0,2.1,244.0
206,2021-09-24,18.5,0.3,84.0,117.0,1.6,368.15
207,2021-09-25,17.5,0.04,77.0,198.0,2.1,459.2
208,2021-09-26,17.7,0.0,69.0,219.0,1.4,768.8
209,2021-09-27,18.5,0.0,62.0,218.0,1.0,219.0
210,2021-09-28,18.2,0.0,59.0,191.0,1.4,204.65
211,2021-09-29,19.9,0.0,49.0,185.0,1.0,229.7
212,2021-09-30,19.2,0.0,54.0,193.0,1.0,356.7
213,2021-10-01,18.1,0.0,60.0,152.0,0.9,566.1
214,2021-10-02,18.0,0.0,57.0,190.0,1.7,470.4
215,2021-10-03,15.4,0.35,72.0,74.0,2.5,73.3
216,2021-10-04,13.1,0.0,59.0,181.0,1.3,139.75
217,2021-10-05,16.3,0.0,63.0,150.0,1.6,156.3
218,2021-10-06,18.3,0.0,63.0,196.0,1.0,248.0
219,2021-10-07,16.7,0.0,55.0,204.0,0.9,234.25
220,2021-10-08,17.3,0.0,50.0,198.0,1.0,532.59
221,2021-10-09,17.7,0.0,45.0,193.0,0.8,634.99
222,2021-10-10,17.3,0.0,57.0,161.0,0.9,636.95
223,2021-10-11,16.5,0.0,64.0,171.0,1.0,244.65
224,2021-10-12,16.7,0.0,63.0,188.0,0.8,756.63
225,2021-10-13,16.2,0.0,41.0,196.0,1.0,229.39
226,2021-10-14,15.3,0.0,49.0,183.0,0.9,325.49
227,2021-10-15,15.6,0.0,58.0,178.0,1.1,532.47
228,2021-10-16,14.7,0.0,57.0,91.0,0.7,348.17
229,2021-10-17,17.4,0.04,69.0,162.0,1.1,672.4
230,2021-10-19,18.1,0.0,68.0,164.0,0.8,190.2
231,2021-10-20,17.0,0.0,68.0,144.0,1.6,281.69
232,2021-10-21,16.6,0.0,61.0,129.0,1.1,188.04
233,2021-10-22,14.7,0.0,52.0,173.0,2.4,293.17
234,2021-10-23,12.8,0.0,56.0,171.0,1.1,448.65
235,2021-10-24,11.5,0.0,56.0,168.0,1.1,467.75
236,2021-10-25,12.1,0.0,56.0,158.0,0.8,89.01
237,2021-10-26,14.3,0.0,52.0,158.0,1.0,205.07
238,2021-10-27,12.6,0.0,62.0,155.0,1.0,241.39
239,2021-10-28,12.2,0.0,62.0,150.0,1.3,248.75
240,2021-10-29,13.2,0.66,74.0,29.0,1.7,89.77
241,2021-10-30,15.2,1.22,93.0,56.0,2.8,117.15
242,2021-10-31,15.7,0.96,97.0,61.0,2.9,227.35
243,2021-11-01,14.3,0.34,73.0,141.0,1.8,314.8
244,2021-11-03,8.6,0.0,67.0,122.0,2.2,79.04
245,2021-11-04,7.3,0.0,70.0,108.0,0.9,117.4
246,2021-11-05,6.9,0.0,66.0,147.0,1.6,106.88
247,2021-11-06,7.1,0.0,58.0,146.0,1.2,352.8
248,2021-11-07,6.1,0.0,66.0,108.0,0.8,250.88
249,2021-11-10,8.6,0.0,60.0,133.0,0.8,109.66
250,2021-11-11,7.9,0.0,69.0,127.0,0.7,146.96
251,2021-11-12,9.7,0.0,71.0,120.0,0.8,169.57
252,2021-11-13,9.8,0.0,71.0,127.0,0.7,321.47
253,2021-11-14,9.6,0.0,68.0,128.0,0.8,482.92
254,2021-11-16,7.1,0.0,71.0,122.0,0.7,108.29
255,2021-11-17,8.3,0.0,66.0,114.0,1.3,115.66
256,2021-11-18,8.2,0.0,64.0,73.0,1.0,140.95
257,2021-11-19,10.3,0.0,70.0,86.0,1.7,130.98
258,2021-11-20,10.8,0.0,75.0,24.0,1.0,133.27
259,2021-11-21,10.5,0.0,85.0,73.0,0.9,187.38
260,2021-11-23,4.6,0.0,89.0,20.0,0.9,74.05
261,2021-11-24,3.9,0.0,88.0,71.0,1.4,53.87
262,2021-11-25,6.2,0.0,74.0,62.0,1.1,81.12
263,2021-11-26,5.3,0.0,71.0,98.0,1.0,79.26
264,2021-11-27,5.4,0.0,62.0,83.0,2.3,151.75
265,2021-11-28,5.2,0.0,59.0,99.0,3.6,84.45
266,2021-11-30,6.1,0.0,76.0,101.0,0.9,64.25
267,2021-12-01,4.3,0.11,72.0,73.0,1.6,84.05
268,2021-12-01,4.3,0.11,87.0,73.0,1.6,84.05
269,2021-12-02,6.6,0.0,60.0,108.0,1.9,95.36
270,2021-12-02,6.6,0.0,61.0,108.0,1.9,95.36
271,2021-12-03,7.4,0.0,68.0,106.0,1.2,115.83
272,2021-12-03,7.4,0.0,63.0,106.0,1.2,115.83
273,2021-12-04,7.1,0.0,65.0,69.0,1.8,116.7
274,2021-12-04,7.1,0.0,81.0,69.0,1.8,116.7
275,2021-12-05,8.3,0.0,73.0,89.0,2.6,121.64
276,2021-12-05,8.3,0.0,59.0,89.0,2.6,121.64
277,2021-12-06,9.2,0.0,71.0,102.0,2.1,121.31
278,2021-12-06,9.2,0.0,65.0,102.0,2.1,121.31
279,2021-12-08,7.0,0.05,87.0,70.0,3.1,112.3
280,2021-12-08,7.0,0.05,67.0,70.0,3.1,112.3
281,2021-12-09,8.5,0.0,100.0,57.0,3.1,69.5
282,2021-12-09,8.5,0.0,69.0,57.0,3.1,69.5
283,2021-12-10,10.9,0.0,82.0,63.0,3.6,152.81
284,2021-12-10,10.9,0.0,68.0,63.0,3.6,152.81
285,2021-12-11,11.6,0.0,78.0,100.0,1.5,215.68
286,2021-12-11,11.6,0.0,65.0,100.0,1.5,215.68
287,2021-12-12,7.2,0.0,79.0,97.0,0.7,292.25
288,2021-12-12,7.2,0.0,84.0,97.0,0.7,292.25
289,2021-12-14,7.2,0.0,76.0,98.0,0.6,109.41
290,2021-12-14,7.2,0.0,72.0,98.0,0.6,109.41
291,2021-12-15,7.4,0.0,80.0,77.0,0.6,68.4
292,2021-12-15,7.4,0.0,62.0,77.0,0.6,68.4
293,2021-12-16,5.3,0.0,79.0,96.0,0.8,115.6
294,2021-12-16,5.3,0.0,69.0,96.0,0.8,115.6
295,2021-12-17,4.4,0.0,73.0,97.0,0.8,159.47
296,2021-12-17,4.4,0.0,74.0,97.0,0.8,159.47
297,2021-12-18,5.5,0.0,78.0,85.0,0.9,197.25
298,2021-12-18,5.5,0.0,76.0,85.0,0.9,197.25
299,2021-12-19,8.4,0.0,83.0,47.0,0.9,199.53
300,2021-12-19,8.4,0.0,76.0,47.0,0.9,199.53
301,2021-12-21,8.7,0.0,98.0,44.0,0.6,101.41
302,2021-12-21,8.7,0.0,88.0,44.0,0.6,101.41
303,2021-12-22,9.9,0.0,80.0,64.0,1.0,89.45
304,2021-12-22,9.9,0.0,88.0,64.0,1.0,89.45
305,2021-12-23,8.3,0.1,94.0,50.0,1.0,163.5
306,2021-12-24,10.3,0.1,68.0,22.0,1.0,238.41
307,2021-12-24,10.3,0.1,97.0,22.0,1.0,238.41
308,2021-12-26,9.1,0.31,92.0,23.0,1.7,24.9
309,2021-12-26,9.1,0.31,100.0,23.0,1.7,24.9
310,2021-12-27,11.7,0.01,86.0,90.0,3.9,105.64
311,2021-12-27,11.7,0.01,88.0,90.0,3.9,105.64
312,2021-12-28,10.5,0.0,96.0,91.0,2.5,138.7
313,2021-12-28,10.5,0.0,88.0,91.0,2.5,138.7
314,2021-12-29,8.7,0.0,94.0,81.0,0.7,169.98
315,2021-12-29,8.7,0.0,90.0,81.0,0.7,169.98
316,2021-12-30,8.1,0.0,79.0,99.0,0.6,116.14
317,2021-12-30,8.1,0.0,85.0,99.0,0.6,116.14
318,2021-12-31,8.3,0.0,77.0,101.0,0.7,274.1
319,2021-12-31,8.3,0.0,81.0,101.0,0.7,274.1
320,2022-01-02,7.5,0.0,77.0,89.0,0.6,154.85
321,2022-01-03,7.7,0.0,84.0,91.0,0.8,115.16
322,2022-01-04,5.4,0.24,90.0,30.0,1.7,86.38
323,2022-01-05,5.9,0.15,76.0,80.0,1.8,47.81
324,2022-01-06,3.6,0.0,82.0,111.0,0.8,156.0
325,2022-01-07,4.1,0.0,74.0,105.0,0.9,60.28
326,2022-01-08,2.1,0.0,84.0,77.0,1.1,105.9
327,2022-01-14,2.1,0.0,73.0,99.0,0.8,66.07
328,2022-01-15,2.4,0.0,72.0,110.0,0.7,180.95
329,2022-01-16,2.5,0.0,78.0,116.0,0.7,148.6
330,2022-01-21,1.5,0.0,69.0,120.0,0.8,75.14
331,2022-01-22,4.2,0.0,65.0,95.0,0.7,164.45
332,2022-01-23,3.7,0.0,80.0,73.0,0.7,182.05
333,2022-01-28,5.3,0.0,53.0,135.0,0.8,183.14
334,2022-01-29,5.4,0.0,49.0,137.0,0.8,378.72
335,2022-01-30,5.9,0.0,50.0,132.0,0.7,394.11
336,2022-02-01,10.5,0.0,56.0,137.0,2.1,39.55
337,2022-02-02,9.6,0.0,66.0,141.0,0.8,168.84
338,2022-02-03,7.9,0.0,71.0,122.0,0.9,137.48
339,2022-02-04,8.6,0.0,75.0,89.0,0.7,153.32
340,2022-02-05,9.3,0.0,66.0,137.0,1.5,340.7
341,2022-02-06,7.5,0.0,53.0,144.0,0.9,554.07
342,2022-02-08,9.5,0.0,58.0,149.0,1.0,236.94
343,2022-02-09,7.4,0.0,70.0,150.0,0.9,273.46
344,2022-02-10,7.5,0.0,72.0,136.0,0.7,191.9
345,2022-02-11,9.3,0.0,71.0,138.0,0.7,279.96
346,2022-02-12,8.6,0.0,70.0,127.0,0.8,535.03
347,2022-02-13,7.9,0.0,75.0,111.0,2.1,411.45
348,2022-02-15,6.9,0.0,65.0,161.0,1.3,100.0
349,2022-02-16,9.2,0.0,67.0,152.0,1.4,146.16
350,2022-02-17,9.3,0.0,76.0,167.0,0.8,231.81
351,2022-02-18,10.1,0.0,75.0,163.0,0.9,208.39
352,2022-02-19,9.4,0.0,61.0,96.0,1.5,284.51
353,2022-02-20,6.9,0.0,62.0,175.0,0.7,596.13
354,2022-02-22,11.8,0.0,33.0,184.0,1.0,208.52
355,2022-02-23,9.8,0.0,48.0,147.0,0.7,240.25
356,2022-02-24,9.0,0.0,56.0,122.0,0.7,225.73
357,2022-02-25,8.5,0.15,76.0,29.0,1.1,194.35
358,2022-02-26,8.4,0.08,83.0,17.0,1.4,191.38
359,2022-02-27,10.0,0.0,74.0,134.0,1.0,567.58
360,2022-02-28,10.2,0.0,73.0,191.0,1.0,247.55
361,2022-03-01,9.7,,70.0,189.0,1.2,280.01
362,2022-03-03,8.0,,83.0,39.0,0.8,78.2
363,2022-03-04,8.8,,62.0,120.0,1.5,191.52
364,2022-03-05,7.5,,61.0,162.0,0.9,300.26
365,2022-03-06,7.6,,63.0,171.0,1.4,376.8
366,2022-03-08,8.2,,75.0,186.0,2.2,149.68
367,2022-03-09,8.0,,77.0,116.0,0.8,117.2
368,2022-03-10,10.3,,72.0,153.0,1.6,131.35
369,2022-03-11,8.9,,85.0,75.0,2.2,173.54
370,2022-03-12,7.8,,75.0,194.0,2.2,189.16
371,2022-03-13,9.3,,67.0,227.0,1.7,629.56
372,2022-03-15,13.9,,61.0,44.0,1.2,65.75
373,2022-03-16,12.6,,62.0,22.0,1.1,125.13
374,2022-03-17,10.5,,66.0,75.0,2.2,143.84
375,2022-03-18,10.2,,65.0,113.0,1.4,259.57
376,2022-03-19,10.0,,70.0,103.0,1.1,419.95
377,2022-03-20,10.7,,69.0,64.0,2.8,242.76
378,2022-03-22,9.1,,84.0,72.0,3.0,104.62
379,2022-03-23,8.6,,77.0,77.0,1.6,163.0
380,2022-03-24,9.0,,84.0,36.0,1.5,85.19
381,2022-03-25,9.8,,88.0,91.0,1.4,171.03
382,2022-03-26,9.8,,79.0,81.0,1.0,408.52
383,2022-03-27,11.3,,73.0,124.0,1.2,357.09
384,2022-03-28,11.0,,71.0,198.0,1.3,132.45
385,2022-03-29,12.5,,74.0,175.0,1.2,189.11
386,2022-03-30,10.1,,89.0,52.0,0.8,113.35
387,2022-03-31,8.4,,68.0,148.0,1.6,128.28
388,2022-04-01,6.4,,58.0,269.0,1.5,257.55
389,2022-04-02,5.1,,48.0,270.0,1.4,392.64
390,2022-04-03,5.1,,49.0,247.0,1.9,435.96
391,2022-04-04,5.5,,48.0,234.0,2.2,98.22
392,2022-04-05,6.4,,54.0,126.0,1.5,128.61
393,2022-04-06,8.9,,68.0,256.0,1.9,295.4
394,2022-04-07,12.5,,61.0,279.0,2.5,401.03
395,2022-04-08,10.7,,74.0,223.0,2.5,362.97
396,2022-04-09,12.6,,79.0,181.0,2.1,355.61
397,2022-04-10,15.6,,70.0,236.0,1.9,1050.39
398,2022-04-11,15.3,,59.0,226.0,2.5,241.1
399,2022-04-12,10.5,,81.0,131.0,1.5,105.21
400,2022-04-13,12.0,,67.0,211.0,1.0,247.28
401,2022-04-14,14.8,,59.0,282.0,1.3,459.95
402,2022-04-15,16.6,,60.0,278.0,1.0,574.94
403,2022-04-16,16.3,,59.0,334.0,0.9,619.7
404,2022-04-17,11.720689655172412,,,236.0344827586207,1.6862068965517245,1025.65
405,2022-04-18,22.3,,36.0,423.0,1.9,505.55
406,2022-04-19,13.5,,63.0,217.0,1.3,127.15
407,2022-04-21,10.6,,53.0,302.0,2.0,334.26
408,2022-04-23,7.2,,84.0,188.0,3.4,170.88
409,2022-04-24,11.0,,62.0,307.0,1.6,1075.54
410,2022-04-25,13.5,,57.0,316.0,1.0,348.4
411,2022-04-26,13.4,,68.0,202.0,1.1,221.43
412,2022-04-27,12.6,,83.0,177.0,1.1,113.05
413,2022-04-28,11.9,,84.0,160.0,1.1,162.82
414,2022-04-29,16.5,,57.0,300.0,1.2,648.78
415,2022-04-30,16.9,,66.0,224.0,1.0,706.65
416,2022-05-01,18.6,0.0,57.0,307.0,1.6,1438.25
417,2022-05-04,15.0,0.0,60.0,265.0,2.1,290.07
418,2022-05-05,16.5,0.0,52.0,329.0,1.1,507.62
419,2022-05-06,17.0,0.0,44.0,330.0,1.1,891.69
420,2022-05-07,17.4,0.0,45.0,334.0,1.4,1033.91
421,2022-05-08,19.2,0.0,42.0,330.0,1.1,1358.96
422,2022-05-09,20.7,0.0,42.0,327.0,1.0,295.8
423,2022-05-10,21.2,0.0,45.0,327.0,1.2,577.15
424,2022-05-11,22.0,0.0,46.0,318.0,1.3,487.65
425,2022-05-12,21.7,0.0,40.0,294.0,1.4,480.3
426,2022-05-13,21.7,0.0,45.0,330.0,1.2,880.15
427,2022-05-14,21.3,0.01,52.0,253.0,1.0,865.75
428,2022-05-15,19.4,0.0,55.0,281.0,2.0,1154.62
429,2022-05-16,18.9,0.0,54.0,331.0,1.6,794.6
430,2022-05-17,20.5,0.0,51.0,336.0,1.6,507.9
431,2022-05-18,23.3,0.0,46.0,323.0,1.1,487.81
432,2022-05-19,25.4,0.0,39.0,310.0,1.9,532.81
433,2022-05-20,26.2,0.0,34.0,245.0,1.7,912.41
434,2022-05-21,26.4,0.0,36.0,257.0,1.3,715.52
435,2022-05-22,22.6,0.0,45.0,289.0,2.5,879.3
436,2022-05-24,17.3,0.0,46.0,205.0,1.6,273.3
437,2022-05-26,18.7,0.0,41.0,350.0,1.8,531.52
438,2022-05-27,23.5,0.0,32.0,351.0,1.3,807.86
439,2022-05-28,24.8,0.0,31.0,347.0,1.3,916.21
440,2022-05-29,23.4,0.0,36.0,325.0,2.0,1093.14
441,2022-05-31,21.6,0.0,44.0,346.0,1.6,602.31
442,2022-06-01,22.4,0.0,37.0,336.0,2.2,642.17
443,2022-06-02,21.5,0.0,48.0,285.0,1.7,546.65
444,2022-06-03,21.2,0.0,44.0,339.0,1.9,810.61
445,2022-06-04,20.2,0.0,44.0,339.0,2.0,915.11
446,2022-06-05,21.6,0.0,41.0,359.0,1.6,1228.1
447,2022-06-06,23.4,0.0,37.0,315.0,1.8,178.15
448,2022-06-07,25.1,0.0,38.0,348.0,1.8,618.83
449,2022-06-08,24.0,0.0,43.0,290.0,2.1,575.55
450,2022-06-09,25.8,0.0,43.0,348.0,1.5,708.9
451,2022-06-10,27.9,0.0,29.0,349.0,1.3,936.22
452,2022-06-11,29.4,0.0,32.0,333.0,1.6,1071.49
453,2022-06-12,29.3,0.0,26.0,264.0,1.5,1002.17
454,2022-06-14,30.6,0.0,25.0,313.0,1.5,728.32
455,2022-06-15,30.7,0.0,26.0,271.0,1.5,724.35
456,2022-06-16,30.9,0.0,28.0,248.0,1.6,675.62
457,2022-06-17,30.6,0.0,31.0,307.0,1.9,887.76
458,2022-06-18,31.0,0.0,24.0,301.0,2.1,1000.93
459,2022-06-19,22.3,0.0,42.0,349.0,2.8,1180.12
460,2022-06-20,21.6,0.0,44.0,283.0,2.3,308.15
461,2022-06-21,20.5,0.0,37.0,322.0,1.9,481.94
462,2022-06-22,18.3,0.0,47.0,332.0,3.2,540.35
463,2022-06-23,18.6,0.0,57.0,246.0,2.7,527.95
464,2022-06-24,19.6,0.0,50.0,353.0,2.0,845.5
465,2022-06-25,20.5,0.0,44.0,352.0,2.6,928.21
466,2022-06-26,21.2,0.0,30.0,360.0,2.2,1336.75
467,2022-06-27,22.2,0.0,34.0,311.0,1.3,469.5
468,2022-06-28,23.5,0.0,36.0,356.0,1.5,692.05
469,2022-06-29,24.6,0.0,28.0,354.0,2.1,747.6
470,2022-06-30,23.5,0.0,32.0,337.0,1.9,649.6
471,2022-07-01,24.1,0.0,37.0,352.0,1.5,773.59
472,2022-07-02,28.2,0.0,44.0,343.0,1.9,893.75
473,2022-07-03,28.5,0.0,40.0,330.0,2.2,927.9
474,2022-07-04,27.3,0.0,32.0,353.0,1.6,507.45
475,2022-07-05,27.4,0.0,26.0,356.0,1.7,490.25
476,2022-07-06,25.0,0.5,47.0,276.0,2.0,508.21
477,2022-07-07,24.7,0.0,39.0,357.0,1.9,648.7
478,2022-07-08,26.9,0.0,32.0,356.0,1.5,794.22
479,2022-07-09,29.3,0.0,30.0,348.0,1.3,681.22
480,2022-07-10,30.6,0.0,26.0,347.0,1.4,870.46
481,2022-07-11,30.1,0.0,27.0,278.0,1.4,399.85
482,2022-07-13,31.8,0.0,26.0,305.0,1.3,652.87
483,2022-07-14,33.8,0.0,19.0,321.0,1.6,470.15
484,2022-07-15,32.7,0.0,18.0,337.0,1.7,562.1
485,2022-07-16,32.5,0.0,22.0,333.0,1.7,491.1
486,2022-07-17,31.9,0.0,23.0,333.0,1.7,706.95
487,2022-07-18,32.1,0.0,24.0,333.0,2.0,307.45
488,2022-07-19,28.2,0.0,26.0,352.0,2.8,477.65
489,2022-07-20,28.5,0.0,25.0,343.0,1.1,451.75
490,2022-07-21,30.5,0.0,29.0,335.0,1.5,480.2
491,2022-07-22,30.2,0.0,27.0,317.0,1.9,566.85
492,2022-07-23,28.6,0.0,20.0,350.0,1.9,525.55
493,2022-07-24,29.2,0.0,20.0,331.0,2.2,396.5
494,2022-07-26,28.6,0.0,31.0,324.0,1.5,398.67
495,2022-07-27,28.4,0.0,36.0,323.0,1.7,291.0
496,2022-07-28,28.9,0.0,26.0,334.0,1.9,538.0
497,2022-07-29,29.0,0.0,29.0,335.0,1.8,673.8
498,2022-07-30,27.3,0.13,46.0,287.0,1.6,551.48
499,2022-07-31,28.7,0.0,46.0,317.0,1.2,622.35
500,2022-08-01,31.2,0.0,33.0,309.0,1.2,319.85
501,2022-08-02,30.7,0.17,37.0,295.0,1.5,417.05
502,2022-08-03,29.5,0.0,39.0,315.0,1.6,329.05
503,2022-08-04,29.9,0.0,31.0,324.0,1.7,297.5
504,2022-08-05,30.4,0.0,29.0,319.0,1.7,344.6
505,2022-08-06,29.7,0.0,29.0,314.0,1.6,461.7
506,2022-08-07,29.7,0.0,30.0,318.0,1.7,609.25
507,2022-08-08,28.7,0.0,30.0,314.0,1.3,412.2
508,2022-08-09,29.8,0.0,30.0,310.0,1.5,434.45
509,2022-08-10,30.9,0.0,30.0,276.0,2.1,305.2
510,2022-08-11,30.1,0.0,33.0,270.0,1.8,483.6
511,2022-08-12,29.7,0.0,33.0,286.0,1.6,415.62
512,2022-08-16,23.6,0.0,32.0,285.0,2.4,263.3
513,2022-08-17,21.4,0.04,45.0,249.0,1.3,321.8
514,2022-08-18,21.9,0.01,42.0,309.0,1.5,443.25
515,2022-08-19,23.6,0.0,38.0,310.0,1.3,367.33
516,2022-08-20,26.3,0.0,31.0,304.0,1.4,558.35
517,2022-08-21,27.3,0.0,28.0,293.0,1.4,509.45
518,2022-08-22,28.1,0.0,34.0,294.0,1.3,324.25
519,2022-08-23,28.7,0.0,36.0,287.0,1.4,429.35
520,2022-08-24,28.1,0.0,36.0,236.0,1.3,287.35
521,2022-08-25,27.6,0.16,36.0,264.0,1.4,343.32
522,2022-08-26,25.6,0.0,47.0,218.0,1.7,557.25
523,2022-08-27,25.3,0.0,47.0,265.0,1.1,606.75
524,2022-08-28,27.4,0.0,43.0,276.0,2.0,738.9
525,2022-08-29,27.1,0.05,48.0,256.0,2.2,421.6
526,2022-08-30,26.3,0.0,36.0,282.0,2.2,492.54
527,2022-08-31,25.6,0.0,29.0,285.0,2.4,461.6
528,2022-09-01,24.1,0.0,29.0,282.0,1.8,563.31
529,2022-09-02,23.2,0.0,35.0,262.0,2.2,652.24
530,2022-09-03,22.0,0.0,43.0,264.0,1.8,840.24
531,2022-09-04,21.7,0.0,34.0,281.0,1.7,801.23
532,2022-09-05,20.7,0.0,37.0,276.0,2.0,454.73
533,2022-09-06,21.4,0.0,48.0,272.0,2.4,394.35
534,2022-09-07,20.5,0.0,40.0,221.0,2.1,468.37
535,2022-09-08,22.7,0.0,48.0,240.0,1.4,458.92
536,2022-09-09,25.0,0.0,47.0,264.0,1.4,643.5
537,2022-09-10,25.7,0.0,37.0,259.0,1.4,821.06
538,2022-09-11,26.2,0.0,38.0,251.0,1.2,940.8
539,2022-09-12,25.2,0.01,44.0,98.0,2.0,207.85
540,2022-09-14,19.1,0.0,69.0,179.0,1.7,267.93
541,2022-09-16,20.9,0.0,66.0,208.0,0.8,641.69
542,2022-09-17,21.8,0.0,49.0,240.0,1.0,743.85
543,2022-09-18,23.4,0.0,48.0,226.0,1.3,827.52
544,2022-09-19,22.8,0.0,61.0,146.0,1.3,281.65
545,2022-09-20,21.2,0.51,70.0,164.0,1.2,327.75
546,2022-09-21,21.9,0.0,57.0,215.0,1.2,341.95
547,2022-09-22,21.6,0.0,57.0,202.0,1.2,277.1
548,2022-09-23,21.8,0.0,49.0,211.0,1.7,784.44
549,2022-09-24,19.8,0.0,43.0,207.0,1.3,628.74
550,2022-09-25,16.1,0.0,46.0,201.0,1.7,392.95
551,2022-09-27,16.1,0.0,49.0,225.0,1.2,264.1
552,2022-09-28,17.1,0.0,50.0,181.0,1.5,289.19
553,2022-09-29,14.0,0.05,65.0,67.0,1.7,78.9
554,2022-09-30,14.6,0.0,51.0,220.0,1.2,332.36
555,2022-10-01,15.5,0.0,52.0,215.0,0.9,471.7
556,2022-10-02,18.2,0.0,42.0,220.0,0.9,781.04
557,2022-10-03,19.5,0.0,34.0,161.0,0.8,171.5
558,2022-10-04,20.4,0.0,41.0,186.0,0.9,251.65
559,2022-10-05,20.1,0.0,47.0,187.0,0.9,369.95
560,2022-10-06,20.2,0.0,55.0,166.0,1.1,286.98
561,2022-10-07,18.3,0.0,62.0,161.0,0.8,430.34
562,2022-10-08,18.3,0.0,59.0,182.0,1.0,446.05
563,2022-10-09,19.3,0.0,60.0,170.0,1.0,842.58
564,2022-10-10,16.5,0.03,76.0,107.0,0.9,114.6
565,2022-10-11,17.6,0.01,76.0,122.0,0.8,271.58
566,2022-10-12,17.7,0.0,70.0,182.0,1.0,825.43
567,2022-10-13,17.8,0.0,63.0,167.0,1.0,231.01
568,2022-10-14,18.5,0.0,58.0,173.0,1.0,491.27
569,2022-10-15,18.3,0.0,56.0,180.0,1.2,519.25
570,2022-10-16,18.0,0.0,57.0,128.0,1.0,629.71
571,2022-10-18,19.8,0.0,62.0,165.0,1.0,307.27
572,2022-10-19,18.8,0.0,57.0,87.0,2.3,123.0
573,2022-10-20,15.6,0.12,69.0,20.0,2.1,74.26
574,2022-10-22,16.0,0.25,83.0,120.0,2.0,263.29
575,2022-10-23,15.3,0.03,85.0,81.0,2.1,220.01
576,2022-10-24,14.6,0.0,84.0,74.0,0.6,143.52
577,2022-10-25,16.8,0.0,68.0,131.0,1.2,230.21
578,2022-10-26,17.2,0.0,69.0,106.0,0.9,205.55
579,2022-10-27,18.9,0.0,55.0,115.0,0.8,202.21
580,2022-10-28,17.8,0.0,58.0,114.0,0.7,243.25
581,2022-10-29,17.6,0.0,54.0,137.0,0.8,389.59
582,2022-10-30,14.9,0.0,69.0,75.0,0.7,355.03
583,2022-10-31,12.9,0.03,86.0,31.0,0.7,100.85
584,2022-11-01,15.6,0.0,75.0,115.0,0.9,244.36
585,2022-11-02,14.5,0.0,72.0,134.0,0.8,178.0
586,2022-11-03,12.9,0.05,80.0,93.0,2.3,80.92
587,2022-11-04,12.0,0.0,62.0,136.0,1.1,273.03
588,2022-11-05,9.0,0.0,67.0,143.0,0.8,248.5
589,2022-11-06,10.1,0.0,68.0,138.0,0.9,292.0
590,2022-11-11,11.5,0.03,78.0,85.0,1.0,138.19
591,2022-11-12,13.7,0.15,78.0,80.0,1.7,243.26
592,2022-11-13,13.4,0.0,78.0,95.0,0.8,486.01
593,2022-11-15,12.9,0.17,91.0,58.0,2.8,98.95
594,2022-11-16,11.4,0.13,96.0,42.0,2.8,108.54
595,2022-11-17,13.7,0.02,91.0,73.0,3.6,162.81
596,2022-11-18,10.0,0.01,76.0,101.0,2.1,201.22
597,2022-11-19,7.9,0.0,62.0,106.0,1.7,150.74
598,2022-11-20,10.5,0.0,76.0,117.0,1.7,359.96
599,2022-11-22,7.6,0.06,81.0,43.0,3.2,61.21
600,2022-11-23,13.4,0.0,93.0,97.0,3.5,104.34
601,2022-11-24,11.5,0.18,95.0,37.0,1.5,134.83
602,2022-11-25,10.7,0.01,74.0,122.0,1.2,91.94
603,2022-11-26,6.2,0.0,79.0,104.0,0.6,358.35
604,2022-11-27,7.3,0.03,78.0,105.0,0.7,353.34
605,2022-11-28,8.6,0.15,66.0,112.0,2.0,41.41
606,2022-11-29,6.9,0.0,71.0,102.0,0.7,67.21
607,2022-11-30,6.9,0.0,76.0,86.0,0.7,96.11
608,2022-12-01,7.6,0.0,66.0,,1.2,116.32
609,2022-12-02,5.3,0.0,72.0,,0.8,43.18
610,2022-12-07,9.7,0.0,92.0,,0.5,113.56
611,2022-12-08,8.9,0.71,99.0,,1.3,102.13
612,2022-12-09,9.3,0.3,97.0,,0.8,102.71
613,2022-12-10,9.0,0.01,89.0,,1.5,117.98
614,2022-12-11,7.2,0.47,95.0,,1.1,127.42
615,2022-12-13,13.3,1.07,99.0,,2.5,122.75
616,2022-12-14,11.2,0.65,96.0,,1.4,148.48
617,2022-12-15,8.8,0.11,94.0,,2.2,50.1
618,2022-12-16,8.4,0.03,92.0,,0.8,114.79
619,2022-12-17,9.8,0.0,88.0,,0.7,155.85
620,2022-12-18,7.9,0.0,92.0,,0.6,220.74
621,2022-12-20,7.1,0.32,98.0,,0.6,72.73
622,2022-12-21,10.4,0.0,95.0,,2.0,157.05
623,2022-12-23,11.0,0.05,95.0,,1.1,244.54
624,2022-12-24,9.4,0.0,93.0,,0.7,383.14
625,2022-12-26,9.5,0.0,81.0,,0.7,115.12
626,2022-12-27,8.1,0.0,84.0,,0.7,82.43
627,2022-12-28,7.3,0.0,85.0,,1.1,175.41
628,2022-12-29,9.9,0.0,89.0,,2.4,82.47
629,2022-12-31,8.1,0.0,74.0,,0.7,293.06
630,2022-01-02,6.0,0.0,64.0,136.0,0.7,154.85
631,2022-01-03,5.9,0.0,60.0,141.0,0.7,115.16
632,2022-01-04,6.6,0.0,56.0,144.0,0.7,86.38
633,2022-01-05,7.1,0.0,47.0,148.0,0.8,47.81
634,2022-01-06,4.8,0.0,59.0,150.0,1.7,156.0
635,2022-01-07,4.7,0.05,69.0,83.0,1.0,60.28
636,2022-01-08,6.0,0.0,68.0,71.0,1.3,105.9
637,2022-01-14,7.0,0.0,70.0,101.0,1.4,66.07
638,2022-01-15,8.9,0.0,64.0,140.0,1.0,180.95
639,2022-01-16,7.2,0.0,61.0,164.0,0.8,148.6
640,2022-01-21,11.5,0.0,53.0,137.0,1.0,75.14
641,2022-01-22,9.8,0.0,67.0,331.0,1.0,164.45
642,2022-01-23,6.2,0.0,72.0,101.0,2.0,182.05
643,2022-01-28,2.1,0.0,51.0,196.0,1.1,183.14
644,2022-01-29,1.1,0.0,53.0,161.0,0.9,378.72
645,2022-01-30,3.0,0.0,56.0,197.0,0.9,394.11
646,2022-02-01,5.7,0.0,59.0,204.0,0.8,39.55
647,2022-02-02,3.6,0.13,79.0,65.0,0.8,168.84
648,2022-02-03,8.1,0.0,83.0,174.0,2.0,137.48
649,2022-02-04,10.6,0.01,80.0,171.0,2.8,153.32
650,2022-02-05,12.4,0.07,80.0,124.0,3.1,340.7
651,2022-02-06,13.2,0.49,79.0,167.0,2.8,554.07
652,2022-02-08,13.7,0.0,78.0,186.0,1.9,236.94
653,2022-02-09,15.6,0.0,68.0,203.0,1.1,273.46
654,2022-02-10,13.3,0.0,71.0,222.0,2.7,191.9
655,2022-02-11,11.5,0.0,51.0,219.0,1.7,279.96
656,2022-02-12,11.6,0.0,57.0,225.0,0.7,535.03
657,2022-02-13,12.7,0.0,57.0,133.0,0.9,411.45
658,2022-02-15,10.4,0.0,71.0,191.0,1.6,100.0
659,2022-02-16,12.0,0.0,57.0,240.0,0.9,146.16
660,2022-02-17,11.7,0.0,56.0,228.0,1.0,231.81
661,2022-02-18,12.8,0.0,55.0,233.0,1.0,208.39
662,2022-02-19,13.6,0.0,51.0,241.0,1.4,284.51
663,2022-02-20,13.8,0.0,47.0,225.0,1.8,596.13
664,2022-02-22,13.1,0.0,69.0,241.0,1.9,208.52
665,2022-02-23,14.2,0.0,50.0,275.0,2.1,240.25
666,2022-02-24,12.6,0.0,42.0,261.0,1.0,225.73
667,2022-02-25,13.3,0.0,38.0,256.0,0.9,194.35
668,2022-02-26,15.5,0.0,43.0,254.0,1.3,191.38
669,2022-02-27,15.9,0.0,51.0,229.0,2.7,567.58
670,2022-02-28,15.0,0.0,60.0,215.0,2.9,247.55
671,2022-03-01,13.7,0.0,51.0,242.0,2.4,280.01
672,2022-03-03,11.6,0.0,39.0,265.0,1.0,78.2
673,2022-03-04,13.0,0.0,28.0,291.0,2.0,191.52
674,2022-03-05,13.0,0.0,21.0,291.0,1.2,300.26
675,2022-03-06,15.2,0.0,24.0,282.0,1.0,376.8
676,2022-03-08,16.2,0.0,34.0,282.0,1.1,149.68
677,2022-03-09,17.6,0.0,35.0,263.0,1.4,117.2
678,2022-03-10,19.3,0.0,31.0,264.0,1.3,131.35
679,2022-03-11,18.5,0.0,39.0,285.0,1.8,173.54
680,2022-03-12,14.9,0.0,52.0,218.0,2.0,189.16
681,2022-03-13,11.1,0.0,41.0,297.0,2.0,629.56
682,2022-03-15,16.4,0.0,45.0,293.0,1.7,65.75
683,2022-03-16,17.4,0.0,40.0,300.0,1.6,125.13
684,2022-03-17,16.8,0.0,28.0,307.0,1.3,143.84
685,2022-03-18,15.9,0.0,33.0,305.0,1.4,259.57
686,2022-03-19,16.9,0.0,42.0,290.0,1.4,419.95
687,2022-03-20,18.5,0.0,36.0,298.0,1.6,242.76
688,2022-03-22,15.3,0.26,61.0,273.0,2.1,104.62
689,2022-03-23,16.3,0.0,48.0,310.0,1.9,163.0
690,2022-03-24,18.8,0.0,49.0,298.0,1.7,85.19
691,2022-03-25,21.0,0.0,45.0,308.0,1.5,171.03
692,2022-03-26,21.4,0.0,38.0,305.0,1.7,408.52
693,2022-03-27,22.1,0.0,34.0,287.0,1.3,357.09
694,2022-03-28,22.8,0.0,36.0,220.0,1.2,132.45
695,2022-03-29,21.5,0.01,41.0,176.0,1.4,189.11
696,2022-03-30,19.6,0.0,46.0,255.0,1.2,113.35
697,2022-03-31,19.4,0.0,38.0,310.0,1.1,128.28
698,2022-04-01,20.4,0.0,29.0,283.0,1.0,257.55
699,2022-04-02,21.6,0.0,32.0,276.0,1.6,392.64
700,2022-04-03,19.4,0.0,41.0,325.0,3.1,435.96
701,2022-04-04,18.9,0.0,37.0,327.0,1.6,98.22
702,2022-04-05,19.1,0.0,35.0,330.0,1.7,128.61
703,2022-04-06,21.3,0.0,38.0,288.0,1.4,295.4
704,2022-04-07,21.7,0.0,39.0,307.0,1.4,401.03
705,2022-04-08,22.6,0.0,40.0,315.0,1.9,362.97
706,2022-04-09,19.0,0.0,39.0,321.0,1.4,355.61
707,2022-04-10,15.9,0.0,40.0,327.0,1.7,1050.39
708,2022-04-11,13.6,0.0,43.0,273.0,1.7,241.1
709,2022-04-12,14.1,0.0,43.0,328.0,1.6,105.21
710,2022-04-13,15.0,0.0,44.0,241.0,1.2,247.28
711,2022-04-14,15.0,0.0,45.0,292.0,1.4,459.95
712,2022-04-15,15.9,0.0,37.0,324.0,1.5,574.94
713,2022-04-16,15.4,0.0,31.0,347.0,2.7,619.7
714,2022-04-17,15.2,0.0,35.0,340.0,2.4,1025.65
715,2022-04-18,14.9,0.0,36.0,314.0,2.1,505.55
716,2022-04-19,14.5,0.0,39.0,267.0,1.6,127.15
717,2022-04-21,18.0,0.08,47.0,226.0,1.6,334.26
718,2022-04-23,17.7,0.0,64.0,220.0,1.5,170.88
719,2022-04-24,17.7,0.23,66.0,244.0,1.5,1075.54
720,2022-04-25,14.7,0.88,87.0,118.0,1.8,348.4
721,2022-04-26,17.0,0.41,75.0,215.0,1.4,221.43
722,2022-04-27,14.9,0.15,87.0,135.0,1.0,113.05
723,2022-04-28,16.2,0.43,79.0,282.0,1.2,162.82
724,2022-04-29,16.1,0.01,80.0,238.0,1.1,648.78
725,2022-04-30,18.0,0.0,70.0,302.0,1.2,706.65
726,2022-05-01,17.4,0.09,70.0,237.0,1.2,1438.25
727,2022-05-04,20.0,0.0,63.0,296.0,1.1,290.07
728,2022-05-05,20.2,0.0,65.0,266.0,1.4,507.62
729,2022-05-06,22.0,0.0,58.0,336.0,1.1,891.69
730,2022-05-07,18.0,0.36,83.0,63.0,1.6,1033.91
731,2022-05-08,17.8,0.08,87.0,123.0,1.7,1358.96
732,2022-05-09,19.1,0.0,71.0,289.0,2.1,295.8
733,2022-05-10,21.2,0.0,64.0,321.0,1.6,577.15
734,2022-05-11,22.2,0.0,53.0,346.0,1.7,487.65
735,2022-05-12,21.9,0.0,55.0,311.0,1.6,480.3
736,2022-05-13,19.9,0.05,61.0,282.0,1.5,880.15
737,2022-05-14,21.5,0.0,55.0,268.0,1.0,865.75
738,2022-05-15,24.3,0.0,45.0,341.0,1.2,1154.62
739,2022-05-16,25.9,0.0,42.0,331.0,1.3,794.6
740,2022-05-17,26.8,0.0,46.0,307.0,1.7,507.9
741,2022-05-18,25.0,0.0,49.0,291.0,1.5,487.81
742,2022-05-19,23.5,0.1,61.0,273.0,1.4,532.81
743,2022-05-20,22.6,0.0,55.0,288.0,1.9,912.41
744,2022-05-21,21.4,0.08,58.0,208.0,1.4,715.52
745,2022-05-22,22.2,0.0,63.0,317.0,1.1,879.3
746,2022-05-24,27.6,0.0,43.0,353.0,1.2,273.3
747,2022-05-26,29.7,0.0,34.0,345.0,1.5,531.52
748,2022-05-27,29.2,0.0,40.0,304.0,1.2,807.86
749,2022-05-28,28.8,0.0,39.0,311.0,1.2,916.21
750,2022-05-29,27.0,0.0,36.0,341.0,1.8,1093.14
751,2022-05-31,25.4,0.0,40.0,345.0,1.4,602.31
752,2022-06-01,27.2,0.0,43.0,309.0,1.4,642.17
753,2022-06-02,28.5,0.0,40.0,344.0,2.0,546.65
754,2022-06-03,27.5,0.0,37.0,358.0,1.5,810.61
755,2022-06-04,26.7,0.0,30.0,281.0,1.4,915.11
756,2022-06-05,27.1,0.0,40.0,342.0,2.0,1228.1
757,2022-06-06,26.7,0.0,42.0,329.0,2.1,178.15
758,2022-06-07,26.0,0.0,31.0,360.0,1.9,618.83
759,2022-06-08,26.6,0.0,30.0,340.0,1.5,575.55
760,2022-06-09,29.1,0.0,30.0,345.0,1.3,708.9
761,2022-06-10,30.2,0.0,27.0,349.0,2.1,936.22
762,2022-06-11,27.1,0.0,28.0,284.0,1.8,1071.49
763,2022-06-12,28.1,0.0,33.0,347.0,1.5,1002.17
764,2022-06-14,25.5,0.0,39.0,356.0,3.0,728.32
765,2022-06-15,26.1,0.0,33.0,350.0,1.5,724.35
766,2022-06-16,28.8,0.0,32.0,328.0,1.2,675.62
767,2022-06-17,30.9,0.0,30.0,297.0,1.9,887.76
768,2022-06-18,31.1,0.0,25.0,328.0,2.5,1000.93
769,2022-06-19,28.2,0.0,23.0,350.0,2.5,1180.12
770,2022-06-20,26.2,0.0,33.0,307.0,2.0,308.15
771,2022-06-21,25.5,0.0,37.0,275.0,1.3,481.94
772,2022-06-22,26.2,0.0,30.0,337.0,1.7,540.35
773,2022-06-23,25.0,0.0,31.0,323.0,2.2,527.95
774,2022-06-24,24.3,0.0,33.0,344.0,1.6,845.5
775,2022-06-25,25.6,0.0,33.0,340.0,1.2,928.21
776,2022-06-26,26.4,0.0,34.0,335.0,2.2,1336.75
777,2022-06-27,26.8,0.0,31.0,336.0,2.0,469.5
778,2022-06-28,27.9,0.0,32.0,335.0,2.0,692.05
779,2022-06-29,29.2,0.0,33.0,333.0,1.8,747.6
780,2022-06-30,29.7,0.0,32.0,329.0,1.5,649.6
781,2022-07-01,29.5,0.0,26.0,331.0,1.6,773.59
782,2022-07-02,28.4,0.0,34.0,331.0,1.9,893.75
783,2022-07-03,26.0,0.0,38.0,330.0,1.8,927.9
784,2022-07-04,26.0,0.0,24.0,375.0,1.9,507.45
785,2022-07-05,24.2,0.0,34.0,328.0,1.5,490.25
786,2022-07-06,27.3,0.0,29.0,324.0,1.4,508.21
787,2022-07-07,27.4,0.0,28.0,322.0,1.4,648.7
788,2022-07-08,29.4,0.0,32.0,300.0,1.4,794.22
789,2022-07-09,31.0,0.0,31.0,250.0,1.6,681.22
790,2022-07-10,30.8,0.0,26.0,321.0,1.7,870.46
791,2022-07-11,29.5,0.0,23.0,313.0,1.3,399.85
792,2022-07-13,28.9,0.0,33.0,310.0,1.9,652.87
793,2022-07-14,27.6,0.0,22.0,317.0,1.8,470.15
794,2022-07-15,27.1,0.0,24.0,297.0,1.5,562.1
795,2022-07-16,27.3,0.0,27.0,309.0,1.5,491.1
796,2022-07-17,27.1,0.0,29.0,307.0,1.6,706.95
797,2022-07-18,26.8,0.0,26.0,280.0,2.3,307.45
798,2022-07-19,28.2,0.0,31.0,299.0,1.5,477.65
799,2022-07-20,29.7,0.0,27.0,301.0,1.3,451.75
800,2022-07-21,31.6,0.0,28.0,289.0,1.3,480.2
801,2022-07-22,31.9,0.0,24.0,288.0,1.5,566.85
802,2022-07-23,31.8,0.0,25.0,292.0,1.8,525.55
803,2022-07-24,30.7,0.0,25.0,289.0,1.6,396.5
804,2022-07-26,26.6,0.0,27.0,174.0,3.1,398.67
805,2022-07-27,20.0,0.0,38.0,291.0,1.8,291.0
806,2022-07-28,20.8,0.0,41.0,287.0,1.3,538.0
807,2022-07-29,22.1,0.0,40.0,272.0,1.3,673.8
808,2022-07-30,21.8,0.0,39.0,267.0,1.1,551.48
809,2022-07-31,23.4,0.0,36.0,279.0,1.3,622.35
810,2022-08-01,23.6,0.0,37.0,226.0,1.4,319.85
811,2022-08-02,18.3,0.48,72.0,63.0,1.5,417.05
812,2022-08-03,17.3,0.93,93.0,41.0,1.2,329.05
813,2022-08-04,19.2,1.92,86.0,126.0,1.0,297.5
814,2022-08-05,21.9,0.0,69.0,244.0,1.0,344.6
815,2022-08-06,22.6,0.23,70.0,189.0,0.8,461.7
816,2022-08-07,23.8,0.0,64.0,198.0,1.1,609.25
817,2022-08-08,24.7,0.09,61.0,250.0,1.3,412.2
818,2022-08-09,22.8,0.08,70.0,171.0,1.4,434.45
819,2022-08-10,22.3,0.23,75.0,239.0,1.1,305.2
820,2022-08-11,20.6,0.05,71.0,207.0,1.5,483.6
821,2022-08-12,20.5,0.0,64.0,186.0,0.9,415.62
822,2022-08-16,18.8,0.0,79.0,119.0,1.3,263.3
823,2022-08-17,17.0,0.33,85.0,105.0,1.7,321.8
824,2022-08-18,16.9,0.0,80.0,121.0,1.3,443.25
825,2022-08-19,18.1,0.0,71.0,213.0,0.8,367.33
826,2022-08-20,17.9,0.0,65.0,231.0,1.9,558.35
827,2022-08-21,15.7,0.02,75.0,102.0,2.6,509.45
828,2022-08-22,15.8,0.0,54.0,223.0,1.4,324.25
829,2022-08-23,15.9,0.0,59.0,234.0,0.8,429.35
830,2022-08-24,18.0,0.0,58.0,232.0,0.7,287.35
831,2022-08-25,19.6,0.0,54.0,230.0,0.7,343.32
832,2022-08-26,20.0,0.0,57.0,217.0,0.7,557.25
833,2022-08-27,20.2,0.0,62.0,211.0,0.9,606.75
834,2022-08-28,20.6,0.0,63.0,215.0,1.0,738.9
835,2022-08-29,22.2,0.0,56.0,217.0,0.8,421.6
836,2022-08-30,22.7,0.0,56.0,212.0,0.7,492.54
837,2022-08-31,22.6,0.0,56.0,214.0,0.7,461.6
838,2022-09-01,21.8,0.0,51.0,208.0,0.7,563.31
839,2022-09-02,21.2,0.0,56.0,189.0,0.8,652.24
840,2022-09-03,21.7,0.0,60.0,196.0,0.8,840.24
841,2022-09-04,21.9,0.0,60.0,195.0,0.7,801.23
842,2022-09-05,22.4,0.0,50.0,198.0,0.7,454.73
843,2022-09-06,21.7,0.0,47.0,195.0,0.5,394.35
844,2022-09-07,21.0,0.0,50.0,191.0,0.5,468.37
845,2022-09-08,21.1,0.0,49.0,182.0,0.6,458.92
846,2022-09-09,19.8,0.0,54.0,186.0,0.6,643.5
847,2022-09-10,19.1,0.0,55.0,192.0,0.6,821.06
848,2022-09-11,18.9,0.0,52.0,182.0,0.7,940.8
849,2022-09-12,19.3,0.0,50.0,144.0,0.9,207.85
850,2022-09-14,16.3,0.03,81.0,128.0,0.7,267.93
851,2022-09-16,18.8,0.01,72.0,96.0,2.4,641.69
852,2022-09-17,16.8,0.04,84.0,125.0,3.4,743.85
853,2022-09-18,13.6,1.93,97.0,13.0,2.2,827.52
854,2022-09-19,12.0,0.01,81.0,133.0,2.8,281.65
855,2022-09-20,11.5,0.0,68.0,177.0,1.2,327.75
856,2022-09-21,11.5,0.55,80.0,92.0,1.2,341.95
857,2022-09-22,11.7,0.16,91.0,93.0,1.7,277.1
858,2022-09-23,10.6,0.03,90.0,113.0,2.4,784.44
859,2022-09-24,13.9,0.0,91.0,114.0,2.9,628.74
860,2022-09-25,15.1,0.07,90.0,64.0,3.3,392.95
861,2022-09-27,13.4,0.0,84.0,105.0,3.0,264.1
862,2022-09-28,14.0,0.06,85.0,37.0,2.3,289.19
863,2022-09-29,11.9,0.1,84.0,131.0,1.9,78.9
864,2022-09-30,9.3,0.0,87.0,81.0,0.6,332.36
865,2022-10-01,11.1,0.0,96.0,46.0,2.6,471.7
866,2022-10-02,11.8,0.24,82.0,83.0,4.0,781.04
867,2022-10-03,9.2,0.0,85.0,81.0,2.8,171.5
868,2022-10-04,11.1,0.03,92.0,44.0,3.8,251.65
869,2022-10-05,10.1,0.0,81.0,132.0,2.7,369.95
870,2022-10-06,8.5,0.0,76.0,131.0,1.1,286.98
871,2022-10-07,6.9,0.0,82.0,91.0,1.1,430.34
872,2022-10-08,8.0,0.0,88.0,91.0,1.0,446.05
873,2022-10-09,11.6,0.01,80.0,135.0,2.0,842.58
874,2022-10-10,11.3,0.02,76.0,128.0,1.6,114.6
875,2022-10-11,13.9,0.0,92.0,114.0,3.5,271.58
876,2022-10-12,14.7,0.0,87.0,123.0,2.2,825.43
877,2022-10-13,15.3,0.0,88.0,75.0,1.2,231.01
878,2022-10-14,12.5,0.0,92.0,74.0,0.6,491.27
879,2022-10-15,12.3,0.0,91.0,74.0,0.6,519.25
880,2022-10-16,12.3,0.0,95.0,61.0,0.6,629.71
881,2022-10-18,12.1,0.0,83.0,118.0,0.5,307.27
882,2022-10-19,11.9,0.0,81.0,117.0,0.5,123.0
883,2022-10-20,11.5,0.0,80.0,113.0,0.7,74.26
884,2022-10-22,6.9,0.0,71.0,47.0,0.8,263.29
885,2022-10-23,10.982142857142858,0.0321428571428571,84.53571428571429,91.82142857142856,1.5642857142857145,220.01
886,2022-10-24,10.982142857142858,0.0321428571428571,84.53571428571429,91.82142857142856,1.5642857142857145,143.52
887,2022-10-25,12.8,0.0,59.0,167.0,0.7,230.21
888,2022-10-26,8.2,0.0,76.0,98.0,0.6,205.55
889,2022-10-27,7.1,0.0,92.0,70.0,0.8,202.21
890,2022-10-28,9.0,0.0,95.0,44.0,1.1,243.25
891,2022-10-29,12.0,0.0,92.0,58.0,2.4,389.59
892,2022-10-30,12.7,0.6,96.0,40.0,2.9,355.03
893,2022-10-31,8.1,0.54,66.0,94.0,1.5,100.85
894,2022-11-01,8.1,0.54,77.0,94.0,1.5,244.36
895,2022-11-02,7.5,0.0,80.0,107.0,0.9,178.0
896,2022-11-03,7.5,0.0,68.0,107.0,0.9,80.92
897,2022-11-04,3.9,0.0,83.0,92.0,0.7,273.03
898,2022-11-05,3.9,0.0,86.0,92.0,0.7,248.5
899,2022-11-06,6.8,0.03,79.0,57.0,1.7,292.0
900,2022-11-11,5.9,0.0,77.0,67.0,0.5,138.19
901,2022-11-12,4.8,0.07,98.0,21.0,0.4,243.26
902,2022-11-13,4.8,0.07,95.0,21.0,0.4,486.01
903,2022-11-15,8.9,0.0,75.0,84.0,0.7821428571428574,98.95
904,2022-11-16,9.6,0.0,68.0,71.0,0.7821428571428574,108.54
905,2022-11-17,9.6,0.0,89.0,71.0,0.7821428571428574,162.81
906,2022-11-18,11.0,0.0,85.0,18.0,0.7821428571428574,201.22
907,2022-11-19,11.0,0.0,96.0,18.0,0.7821428571428574,150.74
908,2022-11-20,10.8,0.0,95.0,39.0,0.5,359.96
909,2022-11-22,9.4,0.06,87.0,17.0,0.8,61.21
910,2022-11-23,9.4,0.06,96.0,17.0,0.8,104.34
911,2022-11-24,9.5,0.01,84.0,95.0,1.7,134.83
912,2022-11-25,9.5,0.01,73.0,95.0,1.7,91.94
913,2022-11-26,6.8,0.0,88.0,96.0,0.8,358.35
914,2022-11-27,6.8,0.0,71.0,96.0,0.8,353.34
915,2022-11-28,6.8,0.0,82.0,99.0,0.8,41.41
916,2022-11-29,6.8,0.0,77.0,99.0,0.8,67.21
917,2022-11-30,5.0,0.0,83.0,100.0,0.5,96.11
918,2022-12-01,5.0,0.0,79.0,100.0,0.5,116.32
919,2022-12-02,4.6,0.0,73.0,101.0,0.5,43.18
920,2022-12-07,4.3,0.0,82.0,98.0,0.7,113.56
921,2022-12-08,5.8,0.02,68.0,90.0,1.2,102.13
922,2022-12-09,5.8,0.02,72.0,90.0,1.2,102.71
923,2022-12-10,5.8,0.0,66.0,93.0,0.6,117.98
924,2022-12-11,5.8,0.0,74.0,93.0,0.6,127.42
925,2022-12-13,5.6,0.0,79.0,99.0,0.5,122.75
926,2022-12-14,5.0,0.0,62.0,100.0,0.5,148.48
927,2022-12-15,5.0,0.0,77.0,100.0,0.5,50.1
928,2022-12-16,4.4,0.0,67.0,98.0,0.5,114.79
929,2022-12-17,4.4,0.0,79.0,98.0,0.5,155.85
930,2022-12-18,3.7,0.0,60.0,99.0,0.6,220.74
931,2022-12-20,3.0,0.0,62.0,100.0,0.6,72.73
932,2022-12-21,3.0,0.0,86.0,100.0,0.6,157.05
933,2022-12-23,3.2,0.0,82.0,101.0,0.6,244.54
934,2022-12-24,2.6,0.0,57.0,54.0,0.5,383.14
935,2022-12-26,4.4,0.0,64.0,38.0,0.6,115.12
936,2022-12-27,4.4,0.0,88.0,38.0,0.6,82.43
937,2022-12-28,5.6,0.0,66.0,95.0,0.7,175.41
938,2022-12-29,5.6,0.0,82.0,95.0,0.7,82.47
939,2022-12-31,6.7,0.0,91.0,56.0,1.8,293.06
940,2023-02-01,4.1,0.0,67.0,138.0,0.9,51.45
941,2023-02-02,6.0,0.0,64.0,136.0,0.7,101.45
942,2023-02-03,5.9,0.0,60.0,141.0,0.7,85.83
943,2023-02-05,7.1,0.0,47.0,148.0,0.8,472.33
944,2023-02-06,4.8,0.0,59.0,150.0,1.7,155.52
945,2023-02-07,4.7,0.05,69.0,83.0,1.0,89.35
946,2023-02-08,6.0,0.0,68.0,71.0,1.3,121.11
947,2023-02-09,6.7,0.0,68.0,104.0,0.8,100.66
948,2023-02-10,5.2,0.0,63.0,138.0,1.0,278.08
949,2023-02-11,4.9,0.0,62.0,153.0,1.6,267.65
950,2023-02-12,5.8,0.0,65.0,138.0,1.2,305.5
951,2023-02-14,7.0,0.0,70.0,101.0,1.4,127.19
952,2023-02-15,8.9,0.0,64.0,140.0,1.0,178.45
953,2023-02-16,7.2,0.0,61.0,164.0,0.8,174.38
954,2023-02-17,8.0,0.0,49.0,169.0,1.0,274.15
955,2023-02-18,8.2,0.0,49.0,85.0,0.7,241.79
956,2023-02-19,11.7,0.0,55.0,138.0,0.9,616.71
957,2023-02-20,12.7,0.0,49.0,117.0,1.2,105.6
958,2023-02-21,11.5,0.0,53.0,137.0,1.0,210.31
959,2023-02-22,9.8,0.0,67.0,331.0,1.0,85.97
960,2023-02-23,6.2,0.0,72.0,101.0,2.0,180.68
961,2023-02-24,3.4,0.0,62.0,187.0,1.0,119.86
962,2023-02-25,3.1,0.0,66.0,166.0,1.1,184.67
963,2023-02-26,4.2,0.0,64.0,181.0,1.0,499.63
964,2023-02-27,2.6,0.0,42.0,169.0,1.4,112.35
965,2023-02-28,2.1,0.0,51.0,196.0,1.1,70.91
966,2023-03-01,1.1,0.0,53.0,161.0,0.9,86.6
967,2023-03-06,8.1,0.0,83.0,174.0,2.0,88.86
968,2023-03-07,10.6,0.01,80.0,171.0,2.8,137.81
969,2023-03-08,12.4,0.07,80.0,124.0,3.1,114.35
970,2023-03-09,13.2,0.49,79.0,167.0,2.8,158.1
971,2023-03-10,12.9,0.0,70.0,195.0,2.3,400.76
972,2023-03-11,13.7,0.0,78.0,186.0,1.9,657.3
973,2023-03-12,15.6,0.0,68.0,203.0,1.1,972.3
974,2023-03-14,11.5,0.0,51.0,219.0,1.7,216.72
975,2023-03-15,11.6,0.0,57.0,225.0,0.7,245.43
976,2023-03-16,12.7,0.0,57.0,133.0,0.9,297.34
977,2023-03-17,13.0,0.0,59.0,215.0,3.2,259.13
978,2023-03-18,10.4,0.0,71.0,191.0,1.6,372.27
979,2023-03-19,12.0,0.0,57.0,240.0,0.9,784.1
980,2023-03-20,11.7,0.0,56.0,228.0,1.0,530.98
981,2023-03-21,12.8,0.0,55.0,233.0,1.0,283.22
982,2023-03-22,13.6,0.0,51.0,241.0,1.4,301.21
983,2023-03-23,13.8,0.0,47.0,225.0,1.8,327.48
984,2023-03-24,12.9,0.0,68.0,168.0,1.9,387.5
985,2023-03-25,13.1,0.0,69.0,241.0,1.9,659.67
986,2023-03-26,14.2,0.0,50.0,275.0,2.1,1083.77
987,2023-03-29,15.5,0.0,43.0,254.0,1.3,541.76
988,2023-03-30,15.9,0.0,51.0,229.0,2.7,418.5
989,2023-03-31,15.0,0.0,60.0,215.0,2.9,319.79
990,2023-04-01,13.7,0.0,51.0,242.0,2.4,541.51
991,2023-04-02,11.7,0.0,41.0,280.0,1.2,929.07
992,2023-04-04,13.0,0.0,28.0,291.0,2.0,419.61
993,2023-04-05,13.0,0.0,21.0,291.0,1.2,381.0
994,2023-04-06,15.2,0.0,24.0,282.0,1.0,412.55
995,2023-04-07,15.8,0.0,27.0,284.0,1.3,559.81
996,2023-04-08,16.2,0.0,34.0,282.0,1.1,503.38
997,2023-04-09,17.6,0.0,35.0,263.0,1.4,913.64
998,2023-04-11,18.5,0.0,39.0,285.0,1.8,280.65
999,2023-04-12,14.9,0.0,52.0,218.0,2.0,232.8
1000,2023-04-13,11.1,0.0,41.0,297.0,2.0,234.45
1001,2023-04-14,13.7,0.0,52.0,227.0,2.3,313.95
1002,2023-04-15,16.4,0.0,45.0,293.0,1.7,912.85
1003,2023-04-16,17.4,0.0,40.0,300.0,1.6,1329.75
1004,2023-04-18,15.9,0.0,33.0,305.0,1.4,477.25
1005,2023-04-19,16.9,0.0,42.0,290.0,1.4,382.6
1006,2023-04-20,18.5,0.0,36.0,298.0,1.6,553.0
1007,2023-04-21,18.2,0.0,39.0,257.0,2.2,637.35
1008,2023-04-22,15.3,0.26,61.0,273.0,2.1,1017.5
1009,2023-04-23,16.3,0.0,48.0,310.0,1.9,1417.55
1010,2023-04-25,21.0,0.0,45.0,308.0,1.5,518.8
1011,2023-04-26,21.4,0.0,38.0,305.0,1.7,367.3
1012,2023-04-27,22.1,0.0,34.0,287.0,1.3,729.25
1013,2023-04-28,22.8,0.0,36.0,220.0,1.2,879.95
1014,2023-04-29,21.5,0.01,41.0,176.0,1.4,735.4
1015,2023-04-30,19.6,0.0,46.0,255.0,1.2,854.35
1016,2023-05-03,21.6,0.0,32.0,276.0,1.6,483.1
1017,2023-05-04,19.4,0.0,41.0,325.0,3.1,358.25
1018,2023-05-05,18.9,0.0,37.0,327.0,1.6,793.1
1019,2023-05-06,19.1,0.0,35.0,330.0,1.7,1143.35
1020,2023-05-07,21.3,0.0,38.0,288.0,1.4,1884.6
1021,2023-05-09,22.6,0.0,40.0,315.0,1.9,462.6
1022,2023-05-10,19.0,0.0,39.0,321.0,1.4,486.3
1023,2023-05-11,15.9,0.0,40.0,327.0,1.7,484.3
1024,2023-05-12,13.6,0.0,43.0,273.0,1.7,365.25
1025,2023-05-13,14.1,0.0,43.0,328.0,1.6,866.0
1026,2023-05-14,15.0,0.0,44.0,241.0,1.2,899.75
1027,2023-05-16,15.9,0.0,37.0,324.0,1.5,287.8
1028,2023-05-17,15.4,0.0,31.0,347.0,2.7,352.8
1029,2023-05-18,15.2,0.0,35.0,340.0,2.4,432.8
1030,2023-05-19,14.9,0.0,36.0,314.0,2.1,473.35
1031,2023-05-20,14.5,0.0,39.0,267.0,1.6,909.4
1032,2023-05-21,15.1,0.15,51.0,237.0,1.7,782.75
1033,2023-05-23,16.8,0.15,68.0,254.0,2.2,193.25
1034,2023-05-24,17.7,0.0,64.0,220.0,1.5,303.9
1035,2023-05-25,17.7,0.23,66.0,244.0,1.5,333.85
1036,2023-05-26,14.7,0.88,87.0,118.0,1.8,328.9
1037,2023-05-27,17.0,0.41,75.0,215.0,1.4,660.25
1038,2023-05-28,14.9,0.15,87.0,135.0,1.0,599.9
1039,2023-05-30,16.1,0.01,80.0,238.0,1.1,252.85
1040,2023-05-31,18.0,0.0,70.0,302.0,1.2,384.75
1041,2023-06-01,17.4,0.09,70.0,237.0,1.2,366.5
1042,2023-06-02,17.3,0.12,73.0,254.0,1.2,513.8
1043,2023-06-03,18.2,0.47,70.0,315.0,1.3,1027.4
1044,2023-06-04,20.0,0.0,63.0,296.0,1.1,1244.25
1045,2023-06-06,22.0,0.0,58.0,336.0,1.1,603.9
1046,2023-06-07,18.0,0.36,83.0,63.0,1.6,200.7
1047,2023-06-08,17.8,0.08,87.0,123.0,1.7,267.6
1048,2023-06-09,19.1,0.0,71.0,289.0,2.1,809.2
1049,2023-06-10,21.2,0.0,64.0,321.0,1.6,992.65
1050,2023-06-11,22.2,0.0,53.0,346.0,1.7,1301.65
1051,2023-06-13,19.9,0.05,61.0,282.0,1.5,511.5
1052,2023-06-14,21.5,0.0,55.0,268.0,1.0,647.8
1053,2023-06-15,24.3,0.0,45.0,341.0,1.2,621.85
1054,2023-06-16,25.9,0.0,42.0,331.0,1.3,1040.0
1055,2023-06-17,26.8,0.0,46.0,307.0,1.7,881.65
1056,2023-06-18,25.0,0.0,49.0,291.0,1.5,925.2
1057,2023-06-20,22.6,0.0,55.0,288.0,1.9,493.5
1058,2023-06-21,21.4,0.08,58.0,208.0,1.4,576.05
1059,2023-06-22,22.2,0.0,63.0,317.0,1.1,973.65
1060,2023-06-23,26.0,0.0,47.0,353.0,1.2,981.2
1061,2023-06-24,27.6,0.0,43.0,353.0,1.2,1280.8
1062,2023-06-25,29.2,0.0,40.0,330.0,1.3,1141.35
1063,2023-06-27,29.2,0.0,40.0,304.0,1.2,698.3
1064,2023-06-28,28.8,0.0,39.0,311.0,1.2,635.05
1065,2023-06-29,27.0,0.0,36.0,341.0,1.8,528.05
1066,2023-06-30,22.9,0.0,43.0,358.0,2.1,743.3
1067,2023-07-01,25.4,0.0,40.0,345.0,1.4,926.35
1068,2023-07-02,27.2,0.0,43.0,309.0,1.4,1094.9
1069,2023-07-04,27.5,0.0,37.0,358.0,1.5,622.45
1070,2023-07-05,26.7,0.0,30.0,281.0,1.4,574.9
1071,2023-07-06,27.1,0.0,40.0,342.0,2.0,572.1
1072,2023-07-07,26.7,0.0,42.0,329.0,2.1,743.35
1073,2023-07-08,26.0,0.0,31.0,360.0,1.9,801.25
1074,2023-07-09,26.6,0.0,30.0,340.0,1.5,944.25
1075,2023-07-11,30.2,0.0,27.0,349.0,2.1,693.8
1076,2023-07-12,27.1,0.0,28.0,284.0,1.8,738.35
1077,2023-07-13,28.1,0.0,33.0,347.0,1.5,442.0
1078,2023-07-14,28.4,0.0,35.0,351.0,2.1,708.05
1079,2023-07-15,25.5,0.0,39.0,356.0,3.0,906.95
1080,2023-07-16,26.1,0.0,33.0,350.0,1.5,960.65
1081,2023-07-18,30.9,0.0,30.0,297.0,1.9,365.85
1082,2023-07-19,31.1,0.0,25.0,328.0,2.5,524.4
1083,2023-07-20,28.2,0.0,23.0,350.0,2.5,509.5
1084,2023-07-21,26.2,0.0,33.0,307.0,2.0,689.3
1085,2023-07-22,25.5,0.0,37.0,275.0,1.3,724.2
1086,2023-07-23,26.2,0.0,30.0,337.0,1.7,1123.8
1087,2023-07-25,24.3,0.0,33.0,344.0,1.6,465.05
1088,2023-07-26,25.6,0.0,33.0,340.0,1.2,547.85
1089,2023-07-27,26.4,0.0,34.0,335.0,2.2,551.3
1090,2023-07-28,26.8,0.0,31.0,336.0,2.0,702.0
1091,2023-07-29,27.9,0.0,32.0,335.0,2.0,444.05
1092,2023-07-30,29.2,0.0,33.0,333.0,1.8,701.75
1093,2023-08-01,29.5,0.0,26.0,331.0,1.6,430.0
1094,2023-08-02,28.4,0.0,34.0,331.0,1.9,512.05
1095,2023-08-03,26.0,0.0,38.0,330.0,1.8,379.4
1096,2023-08-04,26.0,0.0,24.0,375.0,1.9,556.3
1097,2023-08-05,24.2,0.0,34.0,328.0,1.5,524.45
1098,2023-08-06,27.3,0.0,29.0,324.0,1.4,540.15
1099,2023-08-08,29.4,0.0,32.0,300.0,1.4,408.7
1100,2023-08-09,31.0,0.0,31.0,250.0,1.6,377.35
1101,2023-08-10,30.8,0.0,26.0,321.0,1.7,323.25
1102,2023-08-11,29.5,0.0,23.0,313.0,1.3,405.0
1103,2023-08-12,29.9,0.0,28.0,305.0,1.4,491.45
1104,2023-08-13,28.9,0.0,33.0,310.0,1.9,451.85
1105,2023-08-18,26.8,0.0,26.0,280.0,2.3,444.1
1106,2023-08-19,28.2,0.0,31.0,299.0,1.5,449.1
1107,2023-08-20,29.7,0.0,27.0,301.0,1.3,338.45
1108,2023-08-22,31.9,0.0,24.0,288.0,1.5,386.7
1109,2023-08-23,31.8,0.0,25.0,292.0,1.8,342.95
1110,2023-08-24,30.7,0.0,25.0,289.0,1.6,347.5
1111,2023-08-25,30.8,0.0,21.0,274.0,2.3,534.25
1112,2023-08-26,26.6,0.0,27.0,174.0,3.1,567.85
1113,2023-08-27,20.0,0.0,38.0,291.0,1.8,712.95
1114,2023-08-29,22.1,0.0,40.0,272.0,1.3,337.3
1115,2023-08-30,21.8,0.0,39.0,267.0,1.1,468.05
1116,2023-08-31,23.4,0.0,36.0,279.0,1.3,450.75
1117,2023-09-01,23.6,0.0,37.0,226.0,1.4,466.45
1118,2023-09-02,18.3,0.48,72.0,63.0,1.5,331.15
1119,2023-09-05,21.9,0.0,69.0,244.0,1.0,557.7
1120,2023-09-06,22.6,0.23,70.0,189.0,0.8,513.35
1121,2023-09-07,23.8,0.0,64.0,198.0,1.1,502.5
1122,2023-09-08,24.7,0.09,61.0,250.0,1.3,677.5
1123,2023-09-09,22.8,0.08,70.0,171.0,1.4,583.9
1124,2023-09-10,22.3,0.23,75.0,239.0,1.1,800.7
1125,2023-09-12,20.5,0.0,64.0,186.0,0.9,377.05
1126,2023-09-13,21.8,0.0,56.0,250.0,1.1,449.0
1127,2023-09-14,22.4,0.0,62.0,174.0,1.0,438.05
1128,2023-09-15,20.5,0.68,73.0,182.0,1.6,722.95
1129,2023-09-16,18.8,0.0,79.0,119.0,1.3,359.15
1130,2023-09-17,17.0,0.33,85.0,105.0,1.7,276.4
1131,2023-09-19,18.1,0.0,71.0,213.0,0.8,370.7
1132,2023-09-20,17.9,0.0,65.0,231.0,1.9,292.35
1133,2023-09-22,15.8,0.0,54.0,223.0,1.4,421.9
1134,2023-09-23,15.9,0.0,59.0,234.0,0.8,691.7
1135,2023-09-24,18.0,0.0,58.0,232.0,0.7,904.85
1136,2023-09-25,19.6,0.0,54.0,230.0,0.7,329.25
1137,2023-09-26,20.0,0.0,57.0,217.0,0.7,355.0
1138,2023-09-27,20.2,0.0,62.0,211.0,0.9,450.85
1139,2023-09-28,20.6,0.0,63.0,215.0,1.0,387.3
1140,2023-09-29,22.2,0.0,56.0,217.0,0.8,601.9
1141,2023-09-30,22.7,0.0,56.0,212.0,0.7,821.1
1142,2023-10-01,22.6,0.0,56.0,214.0,0.7,1001.15
1143,2023-10-03,21.2,0.0,56.0,189.0,0.8,360.45
1144,2023-10-04,21.7,0.0,60.0,196.0,0.8,486.25
1145,2023-10-05,21.9,0.0,60.0,195.0,0.7,412.75
1146,2023-10-07,21.7,0.0,47.0,195.0,0.5,532.4
1147,2023-10-08,21.0,0.0,50.0,191.0,0.5,968.15
1148,2023-10-09,21.1,0.0,49.0,182.0,0.6,255.45
1149,2023-10-10,19.8,0.0,54.0,186.0,0.6,212.2
1150,2023-10-11,19.1,0.0,55.0,192.0,0.6,341.3
1151,2023-10-12,18.9,0.0,52.0,182.0,0.7,715.15
1152,2023-10-13,19.3,0.0,50.0,144.0,0.9,307.83
1153,2023-10-14,17.8,0.04,76.0,132.0,0.7,393.72
1154,2023-10-15,16.3,0.03,81.0,128.0,0.7,596.17
1155,2023-10-17,18.8,0.01,72.0,96.0,2.4,194.87
1156,2023-10-18,16.8,0.04,84.0,125.0,3.4,123.89
1157,2023-10-19,13.6,1.93,97.0,13.0,2.2,86.09
1158,2023-10-20,12.0,0.01,81.0,133.0,2.8,184.72
1159,2023-10-21,11.5,0.0,68.0,177.0,1.2,244.51
1160,2023-10-22,11.5,0.55,80.0,92.0,1.2,272.73
1161,2023-10-23,11.7,0.16,91.0,93.0,1.7,118.57
1162,2023-10-25,13.9,0.0,91.0,114.0,2.9,209.3
1163,2023-10-26,15.1,0.07,90.0,64.0,3.3,148.44
1164,2023-10-27,11.7,0.0,88.0,128.0,2.6,166.69
1165,2023-10-28,13.4,0.0,84.0,105.0,3.0,161.96
1166,2023-10-29,14.0,0.06,85.0,37.0,2.3,239.52
1167,2023-11-02,11.8,0.24,82.0,83.0,4.0,186.19
1168,2023-11-03,9.2,0.0,85.0,81.0,2.8,143.82
1169,2023-11-04,11.1,0.03,92.0,44.0,3.8,203.71
1170,2023-11-05,10.1,0.0,81.0,132.0,2.7,300.57
1171,2023-11-07,6.9,0.0,82.0,91.0,1.1,147.33
1172,2023-11-08,8.0,0.0,88.0,91.0,1.0,123.64
1173,2023-11-09,11.6,0.01,80.0,135.0,2.0,290.75
1174,2023-11-10,11.3,0.02,76.0,128.0,1.6,199.27
1175,2023-11-11,13.9,0.0,92.0,114.0,3.5,245.46
1176,2023-11-12,14.7,0.0,87.0,123.0,2.2,525.7
1177,2023-11-14,12.5,0.0,92.0,74.0,0.6,130.5
1178,2023-11-15,12.3,0.0,91.0,74.0,0.6,100.0
1179,2023-11-16,12.3,0.0,95.0,61.0,0.6,131.16
1180,2023-11-17,13.4,0.0,90.0,102.0,0.6,220.5
1181,2023-11-18,12.1,0.0,83.0,118.0,0.5,292.46
1182,2023-11-19,11.9,0.0,81.0,117.0,0.5,271.52
1183,2023-11-21,9.3,0.0,69.0,114.0,0.8,115.19
1184,2023-11-22,6.9,0.0,71.0,47.0,0.8,144.0
1185,2023-11-23,10.982142857142858,0.0321428571428571,84.53571428571429,91.82142857142856,1.5642857142857145,120.74
1186,2023-11-24,10.982142857142858,0.0321428571428571,84.53571428571429,91.82142857142856,1.5642857142857145,127.52
1187,2023-11-25,12.8,0.0,59.0,167.0,0.7,230.01
1188,2023-11-26,8.2,0.0,76.0,98.0,0.6,170.22
1189,2023-11-28,9.0,0.0,95.0,44.0,1.1,135.03
1190,2023-11-29,12.0,0.0,92.0,58.0,2.4,119.93
1191,2023-11-30,12.7,0.6,96.0,40.0,2.9,139.98
1192,2023-12-01,8.1,0.54,66.0,94.0,1.5,214.99
1193,2023-12-01,8.1,0.54,77.0,94.0,1.5,214.99
1194,2023-12-02,7.5,0.0,80.0,107.0,0.9,194.62
1195,2023-12-02,7.5,0.0,68.0,107.0,0.9,194.62
1196,2023-12-03,3.9,0.0,83.0,92.0,0.7,174.55
1197,2023-12-03,3.9,0.0,86.0,92.0,0.7,174.55
1198,2023-12-05,5.9,0.0,77.0,54.0,0.7,140.26
1199,2023-12-05,5.9,0.0,74.0,54.0,0.7,140.26
1200,2023-12-06,5.9,0.0,82.0,67.0,0.5,169.26
1201,2023-12-06,5.9,0.0,77.0,67.0,0.5,169.26
1202,2023-12-07,4.8,0.07,98.0,21.0,0.4,138.82
1203,2023-12-07,4.8,0.07,95.0,21.0,0.4,138.82
1204,2023-12-08,8.9,0.0,98.0,84.0,0.7821428571428574,90.59
1205,2023-12-08,8.9,0.0,75.0,84.0,0.7821428571428574,90.59
1206,2023-12-09,9.6,0.0,68.0,71.0,0.7821428571428574,31.66
1207,2023-12-09,9.6,0.0,89.0,71.0,0.7821428571428574,31.66
1208,2023-12-10,11.0,0.0,85.0,18.0,0.7821428571428574,90.95
1209,2023-12-10,11.0,0.0,96.0,18.0,0.7821428571428574,90.95
1210,2023-12-11,10.8,0.0,95.0,39.0,0.5,62.67
1211,2023-12-11,10.8,0.0,89.0,39.0,0.5,62.67
1212,2023-12-12,9.4,0.06,87.0,17.0,0.8,125.83
1213,2023-12-12,9.4,0.06,96.0,17.0,0.8,125.83
1214,2023-12-13,9.5,0.01,84.0,95.0,1.7,73.83
1215,2023-12-13,9.5,0.01,73.0,95.0,1.7,73.83
1216,2023-12-14,6.8,0.0,88.0,96.0,0.8,145.8
1217,2023-12-14,6.8,0.0,71.0,96.0,0.8,145.8
1218,2023-12-15,6.8,0.0,82.0,99.0,0.8,130.36
1219,2023-12-15,6.8,0.0,77.0,99.0,0.8,130.36
1220,2023-12-16,5.0,0.0,83.0,100.0,0.5,178.28
1221,2023-12-16,5.0,0.0,79.0,100.0,0.5,178.28
1222,2023-12-17,4.6,0.0,73.0,101.0,0.5,178.28
1223,2023-12-17,4.6,0.0,78.0,101.0,0.5,178.28
1224,2023-12-19,4.3,0.0,70.0,98.0,0.7,146.79
1225,2023-12-19,4.3,0.0,82.0,98.0,0.7,146.79
1226,2023-12-20,5.8,0.02,68.0,90.0,1.2,140.79
1227,2023-12-20,5.8,0.02,72.0,90.0,1.2,140.79
1228,2023-12-21,5.8,0.0,66.0,93.0,0.6,205.91
1229,2023-12-21,5.8,0.0,74.0,93.0,0.6,205.91
1230,2023-12-22,5.6,0.0,42.0,99.0,0.5,244.42
1231,2023-12-22,5.6,0.0,79.0,99.0,0.5,244.42
1232,2023-12-23,5.0,0.0,62.0,100.0,0.5,192.41
1233,2023-12-23,5.0,0.0,77.0,100.0,0.5,192.41
1234,2023-12-24,4.4,0.0,67.0,98.0,0.5,216.89
1235,2023-12-24,4.4,0.0,79.0,98.0,0.5,216.89
1236,2023-12-25,3.7,0.0,60.0,99.0,0.6,226.89
1237,2023-12-25,3.7,0.0,84.0,99.0,0.6,226.89
1238,2023-12-26,3.0,0.0,62.0,100.0,0.6,104.95
1239,2023-12-26,3.0,0.0,86.0,100.0,0.6,104.95
1240,2023-12-27,3.2,0.0,62.0,101.0,0.6,91.64
1241,2023-12-27,3.2,0.0,82.0,101.0,0.6,91.64
1242,2023-12-28,2.6,0.0,57.0,54.0,0.5,154.51
1243,2023-12-28,2.6,0.0,86.0,54.0,0.5,154.51
