Grupo;Ventas;SubTotal;Impuestos;Total;SubTotal Coste;Beneficio
13/01/2021;15;49,25;4,75;54;10,26;38,99
14/01/2021;10;45,59;4,56;50,15;2,22;43,37
15/01/2021;14;68,64;6,87;75,5;7,98;60,66
16/01/2021;17;81,32;8,13;89,45;7,17;74,15
17/01/2021;25;185,4;20,15;205,55;17,9;167,5
18/01/2021;16;66,71;6,9;73,6;6,76;59,95
20/01/2021;8;32,5;3,25;35,75;9,01;23,49
21/01/2021;11;40,15;4,04;44,19;8,58;31,57
22/01/2021;22;89;8,9;97,9;10,08;78,92
23/01/2021;23;175,93;17,44;193,37;29,8;146,13
24/01/2021;39;262,23;25,64;287,87;14,89;247,34
25/01/2021;13;49,91;4,99;54,9;5,55;44,36
26/01/2021;16;82,22;8,24;90,46;9,61;72,61
27/01/2021;32;162;16,2;178,2;10,64;151,36
28/01/2021;23;118,08;12,51;130,59;12,24;105,84
29/01/2021;34;222,38;22,31;244,68;25,01;197,37
30/01/2021;17;76,7;8,15;84,84;4,51;72,19
31/01/2021;24;164,61;16,05;180,66;10,45;154,16
01/02/2021;17;69,78;6,77;76,55;2,33;67,45
03/02/2021;13;42,62;4,26;46,88;1,81;40,81
04/02/2021;22;90,96;9,1;100,06;9,45;81,51
05/02/2021;51;337,07;40,72;377,79;46,65;290,42
06/02/2021;38;265,95;26,21;292,16;16,66;249,29
07/02/2021;59;342,93;38,92;381,85;40,67;302,26
08/02/2021;16;87,08;8,5;95,58;2,69;84,39
10/02/2021;22;112,87;10,67;123,54;5,44;107,43
11/02/2021;18;89,26;9,47;98,72;4,8;84,46
12/02/2021;35;202,01;19,84;221,84;19,95;182,06
13/02/2021;75;589,14;60,61;649,75;63,62;525,52
14/02/2021;130;831,63;93,6;925,23;94,75;736,88
15/02/2021;30;134,53;13,04;147,57;15,17;119,36
17/02/2021;32;163,12;16,33;179,45;11,11;152,01
18/02/2021;46;204,66;20,9;225,56;13,25;191,41
19/02/2021;65;339,12;37,13;376,25;37,54;301,58
20/02/2021;105;656,64;74,83;731,47;74,29;582,35
21/02/2021;33;220,34;21,85;242,19;7,45;212,89
22/02/2021;27;117,18;11,74;128,92;6,49;110,69
24/02/2021;26;107,25;10,72;117,97;7,52;99,73
25/02/2021;37;160,37;16,43;176,8;16,38;143,99
26/02/2021;78;431,15;47,3;478,45;56,11;375,04
27/02/2021;140;905,15;97,39;1002,54;70,67;834,48
28/02/2021;75;480,63;54,58;535,21;47,99;432,64
01/03/2021;19;120,82;12,08;132,9;7,95;112,87
03/03/2021;26;100,34;10,24;110,58;10,36;89,98
04/03/2021;20;86,59;8,46;95,05;3,44;83,15
05/03/2021;62;372,63;40,66;413,29;27,81;344,82
06/03/2021;94;647,01;71,96;718,97;74,15;572,86
07/03/2021;61;431,72;43,97;475,69;39,05;392,67
09/03/2021;42;173,18;17,12;190,29;9,65;163,53
10/03/2021;41;186,93;19,37;206,3;11,31;175,62
11/03/2021;61;274,83;28,97;303,8;16,39;258,44
12/03/2021;53;288,97;32,63;321,59;31,97;257
13/03/2021;115;748,17;90,87;839,04;71,84;676,33
14/03/2021;135;993,94;118,07;1112;87,49;906,45
16/03/2021;60;280,52;28,13;308,65;22,3;258,22
17/03/2021;47;208,03;22,07;230,1;13,35;194,68
18/03/2021;50;198,88;20,19;219,07;8,81;190,07
19/03/2021;59;480,26;50,36;530,62;44,56;435,7
20/03/2021;74;447,87;48,91;496,77;53,4;394,47
21/03/2021;101;694,95;79;773,94;57,52;637,43
23/03/2021;60;292,79;30,7;323,49;26,62;266,17
24/03/2021;65;270,56;31,23;301,79;21,97;248,59
25/03/2021;80;355,69;36,74;392,43;13,9;341,79
26/03/2021;63;343,72;34,91;378,63;25,94;317,78
27/03/2021;98;764,24;87,44;851,68;53,23;711,01
28/03/2021;151;1002,04;115,1;1117,14;58,66;943,38
30/03/2021;84;412,72;41,76;454,47;11,25;401,47
31/03/2021;109;537,09;55,61;592,7;31,61;505,48
01/04/2021;164;1082,1;121,32;1203,42;70,3;1011,8
02/04/2021;64;375,52;36,54;412,06;12,44;363,08
03/04/2021;101;558,7;64,64;623,34;37,61;521,09
04/04/2021;180;1235,71;130,88;1366,58;53,98;1181,73
06/04/2021;70;347,24;37,67;384,91;21,69;325,55
07/04/2021;85;395,07;41,13;436,2;18,7;376,37
08/04/2021;62;284,4;30;314,4;13,58;270,82
09/04/2021;55;307,5;32,45;339,95;11,73;295,77
10/04/2021;122;778,89;82,51;861,4;22,37;756,52
11/04/2021;82;535,29;56,36;591,65;18,97;516,32
14/04/2021;57;213,19;22,21;235,4;12,11;201,08
15/04/2021;40;180,87;17,88;198,75;3,37;177,5
16/04/2021;86;514,44;56,61;571,05;34,21;480,23
17/04/2021;146;924,23;101,52;1025,75;38,7;885,53
18/04/2021;163;1103,6;128,1;1231,7;64,33;1039,27
20/04/2021;30;122,66;12,49;135,15;5,97;116,69
21/04/2021;35;159,18;15,92;175,1;4,83;154,35
22/04/2021;34;126,29;12,91;139,2;5,36;120,93
23/04/2021;63;356,99;37,96;394,95;12,25;344,74
24/04/2021;61;416,01;43,39;459,4;9,5;406,51
25/04/2021;26;192,3;20,6;212,9;8,79;183,51
27/04/2021;41;156,34;16,61;172,95;8,15;148,19
28/04/2021;44;220,03;22,42;242,45;5,74;214,29
29/04/2021;43;237,07;24,23;261,3;7,22;229,85
30/04/2021;72;376,35;37,75;414,1;8,87;367,48
01/05/2021;87;628,68;69,32;698;25,2;603,48
02/05/2021;148;1188,45;133,6;1322,05;53,91;1134,54
04/05/2021;118;632,71;69,24;701,95;35;597,71
05/05/2021;93;426,43;44,57;471;13,57;412,86
06/05/2021;75;383,38;39,22;422,6;8,47;374,91
07/05/2021;150;868,48;99,32;967,8;35,79;832,69
08/05/2021;137;831,09;90,91;922;26,52;804,57
10/05/2021;31;119,82;11,98;131,8;5,18;114,64
11/05/2021;35;176,45;18,55;195;6,29;170,16
12/05/2021;43;214,37;21,03;235,4;4,24;210,13
13/05/2021;34;164,68;16,72;181,4;2,11;162,57
14/05/2021;117;666,52;71,08;737,6;20,83;645,69
15/05/2021;158;1071,83;114,17;1186;25,66;1046,17
16/05/2021;140;923,13;97,17;1020,3;18,02;905,11
18/05/2021;69;350,66;35,89;386,55;8,74;341,92
19/05/2021;100;447,93;45,47;493,4;6,1;441,83
20/05/2021;97;524,58;54,07;578,65;9,25;515,33
21/05/2021;118;660;69,1;729,1;13,34;646,66
22/05/2021;100;672,75;67,85;740,6;12,46;660,29
23/05/2021;78;577,19;61,01;638,2;34,48;542,71
25/05/2021;88;407,17;43,18;450,35;8,59;398,58
26/05/2021;77;397,67;40,48;438,15;4,27;393,4
27/05/2021;93;428,45;45,1;473,55;9,94;418,51
28/05/2021;128;693,63;73,87;767,5;17,62;676,01
29/05/2021;166;1102,36;114,14;1216,5;12,66;1089,7
30/05/2021;171;1238,97;134,98;1373,95;44,99;1193,98
01/06/2021;88;488,78;50,57;539,35;5,55;483,23
02/06/2021;93;525,05;53,9;578,95;6,32;518,73
03/06/2021;80;403,9;40,7;444,6;3,15;400,75
04/06/2021;133;800,61;82,94;883,55;11,71;788,9
05/06/2021;75;520,99;54,41;575,4;11,37;509,62
06/06/2021;140;1016,69;107,51;1124,2;18,76;997,93
07/06/2021;59;354,08;35,92;390;2,89;351,19
08/06/2021;87;409,79;42,21;452;5,66;404,13
09/06/2021;95;501,48;50,92;552,4;3,57;497,91
10/06/2021;93;454,83;46,87;501,7;6,88;447,95
11/06/2021;78;428,97;44,08;473,05;4,48;424,49
12/06/2021;119;766,24;80,06;846,3;10,21;756,03
13/06/2021;116;812,07;86,73;898,8;16,74;795,33
14/06/2021;70;351,63;35,82;387,45;2,21;349,42
16/06/2021;71;402,78;41,87;444,65;6,13;396,65
17/06/2021;57;328,36;34,09;362,45;3,87;324,49
18/06/2021;88;434,95;45,2;480,15;6,42;428,53
19/06/2021;104;698,69;70,56;769,25;4,27;694,42
20/06/2021;65;517,81;51,99;569,8;4,08;513,73
22/06/2021;55;237,03;24,42;261,45;2,83;234,2
23/06/2021;94;423,74;44,86;468,6;10,63;413,11
24/06/2021;83;437,19;43,76;480,95;1,96;435,23
25/06/2021;94;521,54;53,26;574,8;6,33;515,21
26/06/2021;92;599,77;60,68;660,45;5,12;594,65
27/06/2021;104;691,9;69,85;761,75;8,87;683,03
28/06/2021;77;333,44;33,81;367,25;1,5;331,94
29/06/2021;99;524,42;54,23;578,65;6,33;518,09
30/06/2021;93;464,92;48,18;513,1;5,3;459,62
01/07/2021;87;487,15;49,95;537,1;4,43;482,72
02/07/2021;93;554,8;56,25;611,05;5,09;549,71
03/07/2021;128;904,21;91,19;995,4;4,74;899,47
04/07/2021;141;940,02;96,38;1036,4;5,55;934,47
05/07/2021;73;393,21;39,59;432,8;1,98;391,23
06/07/2021;46;251,59;25,41;277;3,24;248,35
07/07/2021;85;433,9;43,65;477,55;4,18;429,72
08/07/2021;84;459,68;48,17;507,85;7,03;452,65
09/07/2021;106;676,35;68,9;745,25;5,89;670,46
10/07/2021;107;651,73;65,17;716,9;1,55;650,18
11/07/2021;101;626,3;63,4;689,7;2,28;624,02
12/07/2021;73;374,45;37,7;412,15;0,67;373,78
13/07/2021;78;382,11;38,99;421,1;3,17;378,94
14/07/2021;83;507,86;51,29;559,15;4,43;503,43
15/07/2021;98;541,8;56,75;598,55;7,3;534,5
16/07/2021;98;551,26;55,59;606,85;3,2;548,06
17/07/2021;90;605,64;60,56;666,2;2,63;603,01
18/07/2021;89;592,68;61,07;653,75;4,95;587,73
19/07/2021;66;339,36;34,14;373,5;0,98;338,38
20/07/2021;88;476,02;49,33;525,35;6,09;469,93
21/07/2021;77;411,36;41,14;452,5;2,26;409,1
22/07/2021;74;431,31;43,59;474,9;1,39;429,92
23/07/2021;114;659,23;67,32;726,55;2,96;656,27
24/07/2021;79;572,87;58,08;630,95;1,85;571,02
25/07/2021;83;549,54;57,26;606,8;3,16;546,38
26/07/2021;59;320,55;32,05;352,6;1,14;319,41
27/07/2021;78;406,52;42,58;449,1;4,86;401,66
28/07/2021;82;504,41;50,89;555,3;1,81;502,6
29/07/2021;69;351,83;36,37;388,2;4,63;347,2
30/07/2021;83;500,53;50,47;551;2,47;498,06
31/07/2021;89;607,44;61,46;668,9;4,68;602,76
01/08/2021;110;729,43;75,32;804,75;7,98;721,45
10/08/2021;75;434,63;43,72;478,35;1,72;432,91
11/08/2021;81;542,75;54,5;597,25;1,07;541,68
12/08/2021;52;302,71;30,99;333,7;2,06;300,65
13/08/2021;45;233,82;23,38;257,2;0,78;233,04
14/08/2021;51;382,68;38,27;420,95;0,52;382,16
15/08/2021;55;351,16;35,89;387,05;2,58;348,58
16/08/2021;40;244,02;25,13;269,15;2,07;241,95
17/08/2021;60;392,69;40,26;432,95;3,54;389,15
18/08/2021;84;465,54;47,81;513,35;4,37;461,17
19/08/2021;68;394,86;41,24;436,1;6,61;388,25
20/08/2021;85;494;49,4;543,4;1,29;492,71
21/08/2021;72;507,79;52,31;560,1;3,55;504,24
22/08/2021;89;541,88;55,72;597,6;3,06;538,82
23/08/2021;39;190,54;19,56;210,1;1,59;188,95
24/08/2021;60;316,04;32,56;348,6;2,32;313,72
25/08/2021;61;294,66;31,89;326,55;6,04;288,62
26/08/2021;73;380,17;40,43;420,6;7,55;372,62
27/08/2021;84;462,12;47,98;510,1;2,68;459,44
28/08/2021;85;584,4;58,7;643,1;1,8;582,6
29/08/2021;106;715,9;72,9;788,8;6,87;709,03
30/08/2021;66;348,21;35,24;383,45;1,71;346,5
31/08/2021;78;433;44,7;477,7;6,58;426,42
01/09/2021;27;146,35;15,1;161,45;3,46;142,89
02/09/2021;58;306,17;31,53;337,7;2,47;303,7
03/09/2021;83;465,07;47,78;512,85;5,37;459,7
04/09/2021;117;721;72,75;793,75;5,77;715,23
05/09/2021;115;724,97;76,28;801,25;11,96;713,01
06/09/2021;61;304,41;30,44;334,85;0,52;303,89
07/09/2021;84;436,43;44,82;481,25;5,98;430,45
08/09/2021;70;349,24;35,61;384,85;6,7;342,54
09/09/2021;60;321,69;34,21;355,9;7,4;314,29
10/09/2021;92;484,8;49,2;534;6,17;478,63
11/09/2021;105;641,39;66,46;707,85;8,33;633,06
12/09/2021;117;699,69;71,21;770,9;6,84;692,85
13/09/2021;14;53,07;5,73;58,8;1,45;51,62
14/09/2021;21;95,27;9,53;104,8;1,55;93,72
15/09/2021;45;256,82;25,68;282,5;3,11;253,71
16/09/2021;58;326,07;34,38;360,45;8,4;317,67
17/09/2021;98;552,72;56,38;609,1;9,37;543,35
18/09/2021;85;628,43;64,47;692,9;6,78;621,65
19/09/2021;109;692,59;70,16;762,75;8,99;683,6
20/09/2021;27;130,68;13,32;144;3;127,68
21/09/2021;43;181,01;18,59;199,6;5,81;175,2
22/09/2021;39;188,14;19,26;207,4;4,57;183,57
23/09/2021;53;221,59;22,41;244;2,06;219,53
24/09/2021;59;333,64;34,51;368,15;5,85;327,79
25/09/2021;68;415,96;43,24;459,2;10,06;405,9
26/09/2021;109;697,38;71,42;768,8;9,99;687,39
27/09/2021;45;197,9;21,1;219;6,72;191,18
28/09/2021;45;185,2;19,45;204,65;4,86;180,34
29/09/2021;44;208,37;21,33;229,7;6,61;201,76
30/09/2021;64;323,41;33,29;356,7;5,1;318,31
01/10/2021;87;513,44;52,66;566,1;8,92;504,52
02/10/2021;71;426,98;43,42;470,4;8,55;418,43
03/10/2021;8;66,64;6,66;73,3;1,33;65,31
04/10/2021;29;127,05;12,7;139,75;4,41;122,64
05/10/2021;31;141,83;14,47;156,3;8,06;133,77
06/10/2021;46;222,97;25,03;248;11,12;211,85
07/10/2021;52;211,75;22,5;234,25;12,28;199,47
08/10/2021;86;482,53;50,06;532,59;35,49;447,04
09/10/2021;89;574,85;60,15;634,99;37,75;537,1
10/10/2021;93;576,62;60,33;636,95;31,6;545,02
11/10/2021;37;222,11;22,54;244,65;6,57;215,54
12/10/2021;100;682,63;74;756,63;46,12;636,51
13/10/2021;47;208,3;21,09;229,39;3,62;204,68
14/10/2021;62;294,17;31,32;325,49;22,94;271,23
15/10/2021;88;483,29;49,17;532,47;40,21;443,08
16/10/2021;53;315,53;32,63;348,17;31,45;284,08
17/10/2021;90;605,63;66,77;672,4;54,79;550,84
19/10/2021;47;172,7;17,5;190,2;7,38;165,32
20/10/2021;51;254,98;26,71;281,69;23,6;231,38
21/10/2021;42;170,48;17,56;188,04;10,26;160,22
22/10/2021;49;265,12;28,06;293,17;22,01;243,11
23/10/2021;77;402,95;45,7;448,65;30,97;371,98
24/10/2021;79;423,04;44,71;467,75;31,19;391,85
25/10/2021;16;81,13;7,88;89,01;0,98;80,15
26/10/2021;51;185,85;19,22;205,07;11,95;173,9
27/10/2021;57;219,19;22,21;241,39;19,68;199,51
28/10/2021;51;225,21;23,54;248,75;14,92;210,29
29/10/2021;28;81,1;8,67;89,77;11,61;69,49
30/10/2021;27;106,27;10,88;117,15;8,22;98,05
31/10/2021;30;206,45;20,9;227,35;7,18;199,27
01/11/2021;55;284,17;30,62;314,8;28,8;255,37
03/11/2021;23;71,43;7,61;79,04;9,08;62,35
04/11/2021;27;106,27;11,14;117,4;11,41;94,86
05/11/2021;28;97,16;9,72;106,88;19,72;77,44
06/11/2021;47;319,87;32,93;352,8;18,94;300,93
07/11/2021;40;228,07;22,81;250,88;10,95;217,12
10/11/2021;25;99,46;10,2;109,66;8,87;90,59
11/11/2021;35;132,95;14;146,96;11,19;121,76
12/11/2021;31;153,32;16,25;169,57;11,88;141,44
13/11/2021;46;291,08;30,38;321,47;24,3;266,78
14/11/2021;71;438,36;44,55;482,92;32,31;406,05
16/11/2021;27;97,79;10,5;108,29;10,69;87,1
17/11/2021;26;105,56;10,1;115,66;13,41;92,15
18/11/2021;34;128,1;12,85;140,95;18,4;109,7
19/11/2021;31;119,29;11,69;130,98;6,22;113,07
20/11/2021;25;121,59;11,68;133,27;13,28;108,31
21/11/2021;30;169,51;17,87;187,38;14,06;155,45
23/11/2021;16;67,72;6,33;74,05;10,12;57,6
24/11/2021;19;48,97;4,9;53,87;4,39;44,58
25/11/2021;18;73,56;7,56;81,12;13,86;59,7
26/11/2021;19;72,27;6,99;79,26;8,45;63,82
27/11/2021;22;137,92;13,83;151,75;12,48;125,44
28/11/2021;14;76,76;7,69;84,45;13,43;63,33
30/11/2021;20;58;6,25;64,25;7,87;50,13
01/12/2021;21;76,63;7,43;84,05;4,76;71,87
02/12/2021;19;86,91;8,45;95,36;10,09;76,82
03/12/2021;26;105,48;10,35;115,83;14,55;90,93
04/12/2021;21;106,31;10,39;116,7;10,72;95,59
05/12/2021;18;109,98;11,66;121,64;8,26;101,72
06/12/2021;21;110,3;11,02;121,31;14,28;96,02
08/12/2021;13;102,52;9,78;112,3;8,76;93,76
09/12/2021;21;63,18;6,32;69,5;2,69;60,49
10/12/2021;30;138,9;13,91;152,81;11;127,9
11/12/2021;36;193,21;22,47;215,68;20,57;172,64
12/12/2021;38;265,72;26,53;292,25;16,92;248,8
14/12/2021;29;99,46;9,95;109,41;9,73;89,73
15/12/2021;17;62,18;6,22;68,4;6,92;55,26
16/12/2021;29;105,09;10,51;115,6;11,61;93,48
17/12/2021;35;144,97;14,5;159,47;18,24;126,73
18/12/2021;30;179,13;18,12;197,25;9,96;169,17
19/12/2021;29;181,17;18,35;199,53;29,53;151,64
21/12/2021;27;91,58;9,83;101,41;14,63;76,95
22/12/2021;26;81,09;8,36;89,45;6,36;74,73
23/12/2021;24;148,44;15,05;163,5;5,63;142,81
24/12/2021;20;216,74;21,67;238,41;17,84;198,9
26/12/2021;7;22,64;2,26;24,9;1,81;20,83
27/12/2021;23;96,03;9,6;105,64;24,2;71,83
28/12/2021;25;126,31;12,39;138,7;8,64;117,67
29/12/2021;19;154,53;15,45;169,98;31,02;123,51
30/12/2021;28;104,46;11,68;116,14;17,31;87,15
31/12/2021;29;248,72;25,38;274,1;10,97;237,75
02/01/2022;23;140,99;13,86;154,85;7,02;133,97
03/01/2022;22;104,5;10,66;115,16;7,08;97,42
04/01/2022;21;78,74;7,64;86,38;6,71;72,03
05/01/2022;8;43,47;4,35;47,81;22,57;20,9
06/01/2022;25;141,78;14,22;156;14,81;126,97
07/01/2022;14;55,02;5,26;60,28;13,82;41,2
08/01/2022;16;95,98;9,92;105,9;4,89;91,09
14/01/2022;19;59,83;6,24;66,07;15,67;44,16
15/01/2022;26;164,31;16,64;180,95;20,65;143,66
16/01/2022;24;135,09;13,51;148,6;11,36;123,73
21/01/2022;20;68,53;6,61;75,14;7,3;61,23
22/01/2022;26;149,27;15,18;164,45;14,99;134,28
23/01/2022;28;165,12;16,93;182,05;7,85;157,27
28/01/2022;30;166,25;16,9;183,14;25,52;140,73
29/01/2022;56;340,51;38,21;378,72;23,65;316,86
30/01/2022;52;355,5;38,6;394,11;24,16;331,34
01/02/2022;6;35,95;3,6;39,55;3,03;32,92
02/02/2022;35;153,95;14,89;168,84;11,09;142,86
03/02/2022;33;124,94;12,55;137,48;12,81;112,13
04/02/2022;32;139,39;13,94;153,32;14,73;124,66
05/02/2022;49;309,5;31,2;340,7;21,05;288,45
06/02/2022;85;497,08;57;554,07;39;458,08
08/02/2022;43;215,42;21,53;236,94;25,89;189,53
09/02/2022;47;249,45;24,01;273,46;26,56;222,89
10/02/2022;42;174,46;17,44;191,9;15,42;159,04
11/02/2022;54;254,44;25,51;279,96;23,36;231,08
12/02/2022;60;478,85;56,18;535,03;104,25;374,6
13/02/2022;44;371,5;39,95;411,45;35,01;336,49
15/02/2022;23;90,91;9,09;100;11,69;79,22
16/02/2022;28;133,09;13,07;146,16;10,42;122,67
17/02/2022;44;209,32;22,49;231,81;22,8;186,52
18/02/2022;38;189,45;18,94;208,39;9,08;180,37
19/02/2022;39;258,63;25,88;284,51;29,35;229,28
20/02/2022;76;538,5;57,62;596,13;49,62;488,88
22/02/2022;49;189,53;18,99;208,52;14,23;175,3
23/02/2022;41;217,51;22,74;240,25;13,65;203,86
24/02/2022;37;205,21;20,52;225,73;9,67;195,54
25/02/2022;27;176,71;17,64;194,35;31,5;145,21
26/02/2022;29;174,2;17,18;191,38;15,21;158,99
27/02/2022;75;511,95;55,63;567,58;61,11;450,84
28/02/2022;47;225,05;22,5;247,55;14,05;211
01/03/2022;49;251,86;28,15;280,01;20,39;231,47
03/03/2022;27;71,09;7,11;78,2;10,14;60,95
04/03/2022;37;174,31;17,21;191,52;14,53;159,78
05/03/2022;49;273;27,26;300,26;24,47;248,53
06/03/2022;56;339,67;37,13;376,8;25,19;314,48
08/03/2022;32;136,07;13,61;149,68;9,04;127,03
09/03/2022;25;107,19;10,01;117,2;13,21;93,98
10/03/2022;25;119,59;11,76;131,35;13,39;106,2
11/03/2022;32;157,56;15,98;173,54;24,36;133,2
12/03/2022;30;170,57;18,58;189,16;17,6;152,97
13/03/2022;101;564,82;64,74;629,56;52,58;512,24
15/03/2022;14;59,77;5,98;65,75;5,44;54,33
16/03/2022;25;113,76;11,38;125,13;7,68;106,08
17/03/2022;26;130,57;13,27;143,84;16,28;114,29
18/03/2022;46;235,99;23,59;259,57;15,82;220,17
19/03/2022;48;380,58;39,37;419,95;25,52;355,06
20/03/2022;37;220,69;22,07;242,76;15,83;204,86
22/03/2022;25;94,86;9,76;104,62;14,32;80,54
23/03/2022;26;147,68;15,31;163;13,65;134,03
24/03/2022;22;77,45;7,74;85,19;8,36;69,09
25/03/2022;33;153,92;17,11;171,03;17,99;135,93
26/03/2022;52;371,36;37,17;408,52;29,8;341,56
27/03/2022;53;325,24;31,85;357,09;12,02;313,22
28/03/2022;31;120,41;12,04;132,45;2,22;118,19
29/03/2022;39;171,92;17,19;189,11;9,3;162,62
30/03/2022;28;103,08;10,28;113,35;5,02;98,06
31/03/2022;30;116,84;11,45;128,28;10,45;106,39
01/04/2022;47;233,93;23,62;257,55;26,23;207,7
02/04/2022;65;354,89;37,75;392,64;25,93;328,96
03/04/2022;58;395,37;40,59;435,96;16,58;378,79
04/04/2022;14;89,94;8,28;98,22;9,27;80,67
05/04/2022;24;117,56;11,04;128,61;4,61;112,95
06/04/2022;45;267,28;28,12;295,4;13,34;253,94
07/04/2022;70;364,07;36,96;401,03;6,11;357,96
08/04/2022;59;329,95;33,02;362,97;19,22;310,73
09/04/2022;45;323,88;31,73;355,61;16,21;307,67
10/04/2022;132;946,78;103,61;1050,39;39,13;907,65
11/04/2022;37;219,18;21,92;241,1;1,23;217,95
12/04/2022;23;95,64;9,56;105,21;3,82;91,82
13/04/2022;43;223,16;24,12;247,28;13,31;209,85
14/04/2022;70;418,14;41,81;459,95;5,76;412,38
15/04/2022;82;521,05;53,89;574,94;10,3;510,75
16/04/2022;85;560,83;58,87;619,7;20,38;540,45
17/04/2022;170;928,11;97,54;1025,65;23,15;904,96
18/04/2022;86;459,6;45,95;505,55;10,26;449,34
19/04/2022;33;115,59;11,56;127,15;12,72;102,87
21/04/2022;52;303,14;31,12;334,26;8,38;294,76
23/04/2022;28;155,11;15,77;170,88;5,11;150
24/04/2022;144;973,33;102,21;1075,54;44,17;929,16
25/04/2022;67;314,06;34,34;348,4;13,96;300,1
26/04/2022;51;200,84;20,59;221,43;7,8;193,04
27/04/2022;22;102,97;10,08;113,05;4,78;98,19
28/04/2022;37;147,83;14,99;162,82;3,21;144,62
29/04/2022;107;588,87;59,91;648,78;11,02;577,85
30/04/2022;93;640,88;65,77;706,65;23,95;616,93
01/05/2022;178;1301,47;136,78;1438,25;34,81;1266,66
04/05/2022;60;263,46;26,6;290,07;8,74;254,72
05/05/2022;82;459,99;47,63;507,62;25,78;434,21
06/05/2022;155;808,33;83,36;891,69;23,76;784,57
07/05/2022;141;937,39;96,51;1033,91;20,08;917,31
08/05/2022;187;1232,68;126,28;1358,96;23,91;1208,77
09/05/2022;49;269,34;26,46;295,8;6,84;262,5
10/05/2022;105;524,27;52,88;577,15;18,31;505,96
11/05/2022;91;443,1;44,55;487,65;8,43;434,67
12/05/2022;84;435,58;44,72;480,3;6;429,58
13/05/2022;133;799,49;80,67;880,15;11,67;787,82
14/05/2022;114;785,5;80,25;865,75;24,52;760,98
15/05/2022;158;1048,11;106,51;1154,62;25,49;1022,62
16/05/2022;115;719,86;74,74;794,6;10,23;709,63
17/05/2022;82;459,81;48,09;507,9;8,5;451,31
18/05/2022;82;443,18;44,63;487,81;11,12;432,06
19/05/2022;93;484,31;48,5;532,81;7,27;477,04
20/05/2022;140;829,04;83,37;912,41;26,62;802,42
21/05/2022;107;649,2;66,32;715,52;15,11;634,09
22/05/2022;133;797,42;81,88;879,3;14,31;783,11
24/05/2022;47;247,8;25,49;273,3;9,98;237,82
26/05/2022;88;482,46;49,06;531,52;14,87;467,59
27/05/2022;145;733,47;74,39;807,86;11,6;721,87
28/05/2022;125;830,19;86,01;916,21;15,31;814,88
29/05/2022;151;991,78;101,37;1093,14;21,7;970,08
31/05/2022;104;546,04;56,27;602,31;11,97;534,07
01/06/2022;106;582,48;59,69;642,17;15,32;567,16
02/06/2022;101;496,28;50,37;546,65;12,04;484,24
03/06/2022;140;734,92;75,69;810,61;12,3;722,62
04/06/2022;121;830,63;84,48;915,11;11,4;819,23
05/06/2022;173;1115,57;112,53;1228,1;7,06;1108,51
06/06/2022;27;161,95;16,2;178,15;0,52;161,43
07/06/2022;103;559,5;59,33;618,83;17,88;541,62
08/06/2022;101;522,17;53,38;575,55;14,72;507,45
09/06/2022;132;643,64;65,26;708,9;14,36;629,28
10/06/2022;151;849,78;86,44;936,22;20,57;829,21
11/06/2022;143;970,24;101,25;1071,49;16,07;954,17
12/06/2022;133;909,19;92,97;1002,17;11,36;897,83
14/06/2022;125;660,76;67,56;728,32;14,39;646,37
15/06/2022;102;657,6;66,75;724,35;8,63;648,97
16/06/2022;110;613,13;62,48;675,62;11,73;601,4
17/06/2022;142;806,14;81,61;887,76;6,27;799,87
18/06/2022;128;909,48;91,46;1000,93;11,79;897,69
19/06/2022;177;1072,35;107,77;1180,12;7,73;1064,62
20/06/2022;50;280,14;28,01;308,15;7,2;272,94
21/06/2022;88;438,13;43,81;481,94;2,62;435,51
22/06/2022;97;490,77;49,58;540,35;7,88;482,89
23/06/2022;74;479,95;48;527,95;5,1;474,85
24/06/2022;141;768,01;77,49;845,5;4,17;763,84
25/06/2022;113;842,05;86,16;928,21;12,76;829,29
26/06/2022;165;1211,11;125,64;1336,75;18,82;1192,29
27/06/2022;72;426,22;43,28;469,5;8,51;417,71
28/06/2022;104;628,65;63,4;692,05;2,53;626,12
29/06/2022;110;679,4;68,2;747,6;9,95;669,45
30/06/2022;113;590,29;59,31;649,6;6,92;583,37
01/07/2022;127;700,98;72,61;773,59;10,82;690,16
02/07/2022;104;809,89;83,86;893,75;17,82;792,07
03/07/2022;122;840,12;87,78;927,9;10,35;829,77
04/07/2022;68;460,67;46,78;507,45;6,23;454,44
05/07/2022;84;445,9;44,35;490,25;2,55;443,35
06/07/2022;87;461,63;46,58;508,21;7,08;454,55
07/07/2022;97;588,44;60,26;648,7;7,19;581,25
08/07/2022;125;721,29;72,93;794,22;4,52;716,77
09/07/2022;95;619,06;62,17;681,22;6,15;612,91
10/07/2022;121;790,97;79,49;870,46;5,89;785,08
11/07/2022;62;363,32;36,53;399,85;4,57;358,75
13/07/2022;97;592,02;60,85;652,87;12,06;579,96
14/07/2022;76;427,19;42,96;470,15;3,76;423,43
15/07/2022;78;509,88;52,22;562,1;13,66;496,22
16/07/2022;63;445,57;45,53;491,1;4,65;440,92
17/07/2022;91;642,25;64,7;706,95;9,52;632,73
18/07/2022;53;279,5;27,95;307,45;2,34;277,16
19/07/2022;89;433,04;44,61;477,65;7,63;425,41
20/07/2022;77;410,2;41,55;451,75;2,54;407,66
21/07/2022;78;434,97;45,23;480,2;8,51;426,46
22/07/2022;92;514,38;52,47;566,85;5,64;508,74
23/07/2022;71;476,59;48,95;525,55;9,96;466,63
24/07/2022;52;360,42;36,08;396,5;6,44;353,98
26/07/2022;62;363,29;35,38;398,67;1,3;361,99
27/07/2022;48;264,57;26,43;291;3,5;261,07
28/07/2022;86;489,1;48,9;538;6,21;482,89
29/07/2022;96;611,67;62,13;673,8;6,17;605,5
30/07/2022;77;500,56;50,92;551,48;6,61;493,95
31/07/2022;80;564,95;57,4;622,35;7,48;557,47
01/08/2022;48;290,99;28,86;319,85;3,81;287,18
02/08/2022;61;378,76;38,29;417,05;4,51;374,25
03/08/2022;47;298,52;30,53;329,05;2,63;295,89
04/08/2022;46;269,95;27,55;297,5;3,54;266,41
05/08/2022;48;312,43;32,17;344,6;5,2;307,23
06/08/2022;59;419,52;42,18;461,7;8,5;411,02
07/08/2022;84;552,48;56,77;609,25;7,47;545,01
08/08/2022;65;373,38;38,82;412,2;7,52;365,86
09/08/2022;61;394,76;39,69;434,45;3,28;391,48
10/08/2022;50;276,88;28,32;305,2;6,41;270,47
11/08/2022;69;438,37;45,23;483,6;6,46;431,91
12/08/2022;54;376,78;38,84;415,62;7,28;369,5
16/08/2022;44;239,36;23,94;263,3;0,52;238,84
17/08/2022;57;291,72;30,07;321,8;8,94;282,78
18/08/2022;72;402,31;40,94;443,25;1,7;400,61
19/08/2022;65;332,47;34,86;367,33;4,01;328,46
20/08/2022;67;506,39;51,96;558,35;3,69;502,7
21/08/2022;68;461,33;48,12;509,45;8,45;452,88
22/08/2022;39;294,77;29,48;324,25;6,43;288,34
23/08/2022;62;387,7;41,65;429,35;12,23;375,47
24/08/2022;55;261,04;26,31;287,35;5,54;255,5
25/08/2022;56;311,65;31,67;343,32;7,41;304,24
26/08/2022;88;506,21;51,04;557,25;4,4;501,81
27/08/2022;80;550,71;56,04;606,75;9;541,71
28/08/2022;114;670,58;68,32;738,9;10,09;660,49
29/08/2022;61;381,99;39,61;421,6;7,72;374,27
30/08/2022;84;446,87;45,66;492,54;4,83;442,04
31/08/2022;73;418,5;43,1;461,6;5,77;412,73
01/09/2022;94;510,38;52,93;563,31;10,81;499,57
02/09/2022;109;591,44;60,8;652,24;12,77;578,67
03/09/2022;115;760,72;79,52;840,24;17,63;743,09
04/09/2022;127;727,99;73,24;801,23;6,88;721,11
05/09/2022;79;411,17;43,56;454,73;30,61;380,56
06/09/2022;71;356,9;37,45;394,35;4,93;351,97
07/09/2022;75;425,56;42,81;468,37;3;422,56
08/09/2022;81;417,2;41,72;458,92;3,59;413,61
09/09/2022;109;584,54;58,96;643,5;26,65;557,89
10/09/2022;115;746,18;74,89;821,06;3,89;742,29
11/09/2022;128;853,97;86,83;940,8;6,49;847,48
12/09/2022;37;188,95;18,9;207,85;12,21;176,74
14/09/2022;52;243,57;24,36;267,93;2,33;241,24
16/09/2022;105;580,86;60,82;641,69;11,32;569,54
17/09/2022;106;673,06;70,78;743,85;8,96;664,1
18/09/2022;113;752,14;75,38;827,52;9,31;742,83
19/09/2022;54;254,84;26,81;281,65;5,73;249,11
20/09/2022;58;297,3;30,45;327,75;3,87;293,43
21/09/2022;66;310,02;31,93;341,95;8,02;302
22/09/2022;51;251,91;25,19;277,1;2,59;249,32
23/09/2022;117;710,44;74,01;784,44;13,48;696,96
24/09/2022;85;569,98;58,76;628,74;13,63;556,35
25/09/2022;63;357,47;35,48;392,95;6,12;351,35
27/09/2022;44;240,09;24,01;264,1;5,38;234,71
28/09/2022;56;261,47;27,72;289,19;7,57;253,9
29/09/2022;18;72,38;6,52;78,9;4,96;67,42
30/09/2022;75;301,3;31,06;332,36;10,33;290,97
01/10/2022;74;427,04;44,66;471,7;14,57;412,47
02/10/2022;122;708,82;72,22;781,04;15,6;693,22
03/10/2022;34;155,49;16,01;171,5;4,95;150,54
04/10/2022;44;229,02;22,63;251,65;8,11;220,91
05/10/2022;63;336,79;33,16;369,95;14,87;321,92
06/10/2022;52;260,49;26,49;286,98;19,94;240,55
07/10/2022;74;390,5;39,84;430,34;19,28;371,22
08/10/2022;73;404,48;41,57;446,05;17,25;387,23
09/10/2022;123;764,31;78,27;842,58;38,7;725,61
10/10/2022;22;104,38;10,22;114,6;3,72;100,66
11/10/2022;46;244,99;26,59;271,58;26,38;218,61
12/10/2022;121;749,03;76,4;825,43;63,68;685,35
13/10/2022;47;209,25;21,76;231,01;9,49;199,76
14/10/2022;85;446,26;45;491,27;22,37;423,89
15/10/2022;79;468,69;50,56;519,25;17,11;451,58
16/10/2022;93;569,37;60,34;629,71;38,7;530,67
18/10/2022;49;279,55;27,72;307,27;24,55;255
19/10/2022;25;112,25;10,75;123;0,78;111,47
20/10/2022;16;67,51;6,75;74,26;5,36;62,15
22/10/2022;39;238,22;25,06;263,29;17,13;221,09
23/10/2022;37;200,44;19,57;220,01;9,18;191,26
24/10/2022;37;130,92;12,6;143,52;10,51;120,41
25/10/2022;44;209,05;21,16;230,21;13,01;196,04
26/10/2022;43;187,07;18,48;205,55;15,29;171,78
27/10/2022;42;183,21;18,99;202,21;13,75;169,46
28/10/2022;46;220,19;23,05;243,25;17,84;202,35
29/10/2022;51;349,9;39,69;389,59;30,62;319,28
30/10/2022;51;322,28;32,74;355,03;13,89;308,39
31/10/2022;17;91,27;9,58;100,85;13,55;77,72
01/11/2022;36;221,71;22,66;244,36;13,78;207,93
02/11/2022;39;161,8;16,21;178;14,12;147,68
03/11/2022;16;73,54;7,39;80,92;5,81;67,73
04/11/2022;53;248,43;24,6;273,03;18,13;230,3
05/11/2022;43;225,09;23,41;248,5;23,72;201,37
06/11/2022;47;263,43;28,57;292;19,87;243,56
11/11/2022;25;125,82;12,37;138,19;6,12;119,7
12/11/2022;35;221,47;21,79;243,26;13,31;208,16
13/11/2022;65;442,2;43,81;486,01;36,68;405,52
15/11/2022;20;90,39;8,56;98,95;19,48;70,91
16/11/2022;22;99,11;9,43;108,54;10,57;88,54
17/11/2022;40;148,28;14,53;162,81;14,24;134,04
18/11/2022;36;182,3;18,92;201,22;19,14;163,16
19/11/2022;17;137,54;13,2;150,74;7,34;130,2
20/11/2022;48;329,17;30,79;359,96;16,27;312,9
22/11/2022;18;55,87;5,35;61,21;6,49;49,38
23/11/2022;15;94,85;9,49;104,34;26,51;68,34
24/11/2022;30;123,01;11,83;134,83;17,91;105,1
25/11/2022;26;84,08;7,86;91,94;8,47;75,61
26/11/2022;41;327,29;31,06;358,35;31,1;296,19
27/11/2022;42;322,41;30,93;353,34;29,2;293,21
28/11/2022;13;37,46;3,95;41,41;8,76;28,7
29/11/2022;17;61,1;6,11;67,21;6,1;55
30/11/2022;18;87,61;8,49;96,11;26,24;61,37
01/12/2022;24;105,27;11,05;116,32;14,35;90,92
02/12/2022;11;38,8;4,39;43,18;8,22;30,58
07/12/2022;20;103,46;10,11;113,56;18,2;85,26
08/12/2022;16;93,06;9,07;102,13;25,42;67,64
09/12/2022;20;93,38;9,34;102,71;12,85;80,53
10/12/2022;22;107,26;10,73;117,98;16,16;91,1
11/12/2022;19;116,27;11,15;127,42;14,53;101,74
13/12/2022;25;111,22;11,53;122,75;20,3;90,92
14/12/2022;26;134,26;14,21;148,48;22,9;111,36
15/12/2022;11;45,36;4,74;50,1;7,16;38,2
16/12/2022;24;104,34;10,45;114,79;14,1;90,24
17/12/2022;23;141,26;14,59;155,85;12,9;128,36
18/12/2022;29;199,74;21;220,74;25,93;173,81
20/12/2022;12;66,12;6,61;72,73;9,74;56,38
21/12/2022;21;142,99;14,06;157,05;11,88;131,11
23/12/2022;29;222,29;22,25;244,54;6,42;215,87
24/12/2022;31;349,39;33,75;383,14;29,69;319,7
26/12/2022;18;104,66;10,47;115,12;16,22;88,44
27/12/2022;18;75,15;7,28;82,43;6,59;68,56
28/12/2022;30;159,67;15,75;175,41;20,59;139,08
29/12/2022;17;74,44;8,03;82,47;4,58;69,86
31/12/2022;27;266,64;26,43;293,06;10,94;255,7
06/01/2023;15;95,98;8,57;104,55;3,61;92,37
07/01/2023;15;95,54;9,55;105,1;6,32;89,22
08/01/2023;17;145,95;13,17;159,11;13,32;132,63
01/02/2023;16;46,75;4,7;51,45;3,94;42,81
02/02/2023;18;92,66;8,79;101,45;14,66;78
03/02/2023;18;78,24;7,59;85,83;8,89;69,35
05/02/2023;63;426,9;45,43;472,33;48,66;378,24
06/02/2023;28;141,21;14,3;155,52;14,57;126,64
07/02/2023;23;81,45;7,91;89,35;11,02;70,43
08/02/2023;19;109,21;11,9;121,11;11,95;97,26
09/02/2023;20;91,54;9,12;100,66;12,58;78,96
10/02/2023;48;253,24;24,85;278,08;30,65;222,59
11/02/2023;36;242,91;24,74;267,65;43,91;199
12/02/2023;45;277,45;28,05;305,5;17,56;259,89
14/02/2023;20;115,84;11,35;127,19;16,78;99,06
15/02/2023;34;163,31;15,14;178,45;19,97;143,34
16/02/2023;35;158,71;15,68;174,38;13,12;145,59
17/02/2023;47;247,87;26,28;274,15;38,21;209,66
18/02/2023;35;220,05;21,74;241,79;16,54;203,51
19/02/2023;75;555,35;61,37;616,71;35,29;520,06
20/02/2023;20;96,22;9,38;105,6;4,63;91,59
21/02/2023;41;191,4;18,9;210,31;23,32;168,08
22/02/2023;18;77,73;8,24;85,97;7,25;70,48
23/02/2023;37;164,06;16,62;180,68;22,23;141,83
24/02/2023;26;108,99;10,87;119,86;12,87;96,12
25/02/2023;30;168,08;16,59;184,67;18,35;149,73
26/02/2023;71;455,72;43,91;499,63;42,88;412,84
27/02/2023;20;101,43;10,92;112,35;10,69;90,74
28/02/2023;19;64,47;6,45;70,91;5,16;59,31
01/03/2023;20;78,35;8,25;86,6;13,04;65,31
06/03/2023;14;81;7,86;88,86;29,81;51,19
07/03/2023;28;125,31;12,5;137,81;16,52;108,79
08/03/2023;24;104,22;10,13;114,35;9,61;94,61
09/03/2023;31;143,5;14,6;158,1;23,71;119,79
10/03/2023;73;361,8;38,96;400,76;30,57;331,23
11/03/2023;76;591,54;65,76;657,3;50,45;541,09
12/03/2023;152;876,77;95,53;972,3;64,08;812,69
14/03/2023;50;196,36;20,35;216,72;16,98;179,38
15/03/2023;51;222,04;23,38;245,43;10,82;211,22
16/03/2023;60;269,64;27,71;297,34;29,6;240,04
17/03/2023;46;235,59;23,54;259,13;11,03;224,56
18/03/2023;43;338,02;34,25;372,27;16,96;321,06
19/03/2023;104;713,46;70,64;784,1;35,74;677,72
20/03/2023;86;482,71;48,27;530,98;22,29;460,42
21/03/2023;56;256,79;26,43;283,22;22,13;234,66
22/03/2023;59;271,91;29,3;301,21;22,53;249,38
23/03/2023;67;297,48;30;327,48;24,54;272,94
24/03/2023;62;350,45;37,05;387,5;29,72;320,73
25/03/2023;93;598,23;61,44;659,67;35,56;562,67
26/03/2023;146;984,41;99,36;1083,77;34,75;949,66
29/03/2023;92;490,92;50,84;541,76;17,85;473,07
30/03/2023;72;380,37;38,12;418,5;7,96;372,41
31/03/2023;59;289,59;30,2;319,79;21,98;267,61
01/04/2023;73;491,25;50,26;541,51;20,21;471,04
02/04/2023;135;841,06;88,01;929,07;37,38;803,68
04/04/2023;69;380,7;38,91;419,61;19,53;361,17
05/04/2023;66;345,65;35,35;381;15,4;330,25
06/04/2023;66;373,52;39,03;412,55;19,96;353,56
07/04/2023;74;507,63;52,18;559,81;13,29;494,34
08/04/2023;70;456,06;47,33;503,38;10,86;445,2
09/04/2023;119;829,02;84,62;913,64;14,51;814,51
11/04/2023;50;255,16;25,49;280,65;4,32;250,84
12/04/2023;44;211,87;20,93;232,8;5,64;206,23
13/04/2023;50;213,19;21,26;234,45;8,69;204,5
14/04/2023;70;285,22;28,73;313,95;5,26;279,96
15/04/2023;126;827,82;85,03;912,85;15,64;812,18
16/04/2023;176;1207,53;122,22;1329,75;17,32;1190,21
18/04/2023;78;432,58;44,67;477,25;7,55;425,03
19/04/2023;70;347,58;35,02;382,6;9,59;337,99
20/04/2023;99;501,6;51,4;553;11,75;489,85
21/04/2023;105;579,11;58,24;637,35;13,1;566,01
22/04/2023;137;923,19;94,31;1017,5;12,77;910,42
23/04/2023;165;1284,1;133,45;1417,55;26,31;1257,79
25/04/2023;91;471,2;47,6;518,8;11,2;460
26/04/2023;58;332,98;34,32;367,3;4,32;328,66
27/04/2023;106;661,91;67,34;729,25;10,06;651,85
28/04/2023;132;799,46;80,49;879,95;14,63;784,83
29/04/2023;99;667,84;67,56;735,4;9,28;658,56
30/04/2023;97;774,98;79,37;854,35;8,27;766,71
03/05/2023;84;438,97;44,13;483,1;7,56;431,41
04/05/2023;60;324,99;33,26;358,25;5,01;319,98
05/05/2023;127;719,73;73,37;793,1;9,94;709,79
06/05/2023;144;1039,14;104,21;1143,35;6,7;1032,44
07/05/2023;192;1710,57;174,03;1884,6;14,07;1696,5
09/05/2023;72;419,42;43,18;462,6;5,48;413,94
10/05/2023;75;442,09;44,21;486,3;7,53;434,56
11/05/2023;74;439,81;44,49;484,3;8,26;431,55
12/05/2023;59;329,43;35,82;365,25;8,06;321,37
13/05/2023;119;784,41;81,59;866;26,94;757,47
14/05/2023;115;815,45;84,3;899,75;12,73;802,72
16/05/2023;49;260,24;27,56;287,8;9,15;251,09
17/05/2023;53;318,28;34,52;352,8;12,49;305,79
18/05/2023;72;393,01;39,79;432,8;4,29;388,72
19/05/2023;64;429,89;43,46;473,35;4,57;425,32
20/05/2023;117;824,14;85,26;909,4;16;808,14
21/05/2023;95;709,59;73,16;782,75;14,81;694,78
23/05/2023;40;175,19;18,06;193,25;5,33;169,86
24/05/2023;57;275,62;28,28;303,9;5,42;270,2
25/05/2023;51;300,53;33,32;333,85;19,68;280,85
26/05/2023;55;297,69;31,21;328,9;9,72;287,97
27/05/2023;75;598,9;61,35;660,25;9,31;589,59
28/05/2023;70;545,34;54,56;599,9;4,5;540,84
30/05/2023;45;229,84;23,01;252,85;5,88;223,96
31/05/2023;72;347,51;37,24;384,75;10,01;337,5
01/06/2023;60;331,32;35,18;366,5;8,33;322,99
02/06/2023;92;466,21;47,59;513,8;7,15;459,06
03/06/2023;128;931,9;95,5;1027,4;13,39;918,51
04/06/2023;147;1130,12;114,13;1244,25;10,5;1119,62
06/06/2023;98;547,04;56,86;603,9;8,54;538,5
07/06/2023;38;182,07;18,63;200,7;5,66;176,41
08/06/2023;44;243,4;24,2;267,6;8,15;235,25
09/06/2023;113;734,55;74,65;809,2;12,09;722,46
10/06/2023;133;900,96;91,69;992,65;10,12;890,84
11/06/2023;146;1181,76;119,89;1301,65;8,77;1172,99
13/06/2023;81;464,21;47,29;511,5;10,98;453,23
14/06/2023;101;587,85;59,95;647,8;7,35;580,5
15/06/2023;98;564,67;57,18;621,85;6,22;558,45
16/06/2023;165;944,97;95,03;1040;10,57;934,4
17/06/2023;121;798,77;82,88;881,65;11,77;787
18/06/2023;121;839,83;85,37;925,2;7,99;831,84
20/06/2023;98;448,64;44,86;493,5;7,4;441,24
21/06/2023;83;522,08;53,97;576,05;17,79;504,29
22/06/2023;132;885,11;88,54;973,65;5,51;879,6
23/06/2023;142;891,17;90,03;981,2;6,87;884,3
24/06/2023;153;1163,26;117,54;1280,8;4,52;1158,74
25/06/2023;145;1035,9;105,45;1141,35;10,39;1025,51
27/06/2023;121;633,69;64,61;698,3;8;625,69
28/06/2023;95;575,78;59,27;635,05;7,82;567,96
29/06/2023;82;480,03;48,02;528,05;0,92;479,11
30/06/2023;110;674,77;68,53;743,3;10,11;664,66
01/07/2023;110;841,67;84,68;926,35;2,04;839,63
02/07/2023;141;994,58;100,32;1094,9;6,8;987,78
04/07/2023;92;565,62;56,83;622,45;4,26;561,36
05/07/2023;87;522,15;52,75;574,9;6,28;515,87
06/07/2023;95;517,66;54,44;572,1;11,9;505,76
07/07/2023;116;673,95;69,4;743,35;11,38;662,57
08/07/2023;113;727,24;74,01;801,25;6,98;720,26
09/07/2023;106;857,51;86,74;944,25;13,03;844,48
11/07/2023;102;627,64;66,16;693,8;14,03;613,61
12/07/2023;113;670,75;67,6;738,35;6,47;664,28
13/07/2023;74;401,62;40,38;442;8,58;393,04
14/07/2023;95;643,26;64,79;708,05;7,26;636
15/07/2023;108;823,41;83,54;906,95;6,44;816,97
16/07/2023;116;872,19;88,46;960,65;10,37;861,82
18/07/2023;59;332,4;33,45;365,85;2,23;330,17
19/07/2023;76;475,92;48,48;524,4;5,43;470,49
20/07/2023;79;461,7;47,8;509,5;7,12;454,58
21/07/2023;86;626,01;63,29;689,3;5,96;620,05
22/07/2023;84;656,61;67,59;724,2;7,8;648,81
23/07/2023;144;1019,42;104,38;1123,8;11,46;1007,96
25/07/2023;79;421,88;43,17;465,05;5,28;416,6
26/07/2023;72;498,04;49,81;547,85;4,11;493,93
27/07/2023;74;500,09;51,21;551,3;7,36;492,73
28/07/2023;97;637,96;64,04;702;3,28;634,68
29/07/2023;57;403,48;40,57;444,05;6,54;396,94
30/07/2023;86;637,76;63,99;701,75;5,35;632,41
01/08/2023;68;390,05;39,95;430;5,82;384,23
02/08/2023;75;465,05;47;512,05;1,67;463,38
03/08/2023;68;344,91;34,49;379,4;1,52;343,39
04/08/2023;75;505,7;50,6;556,3;1,56;504,14
05/08/2023;69;476,2;48,25;524,45;2,02;474,18
06/08/2023;62;490,83;49,32;540,15;7,11;483,72
08/08/2023;63;371,33;37,37;408,7;3,43;367,9
09/08/2023;52;342,45;34,9;377,35;2,55;339,9
10/08/2023;54;293,36;29,89;323,25;3,04;290,32
11/08/2023;63;368,17;36,83;405;1,81;366,36
12/08/2023;64;445,29;46,16;491,45;1,55;443,74
13/08/2023;55;410,76;41,09;451,85;3,43;407,33
18/08/2023;62;403,3;40,8;444,1;5,81;397,49
19/08/2023;55;407,23;41,87;449,1;6,54;400,69
20/08/2023;55;306,86;31,59;338,45;4,96;301,9
22/08/2023;54;351,53;35,17;386,7;2,04;349,49
23/08/2023;47;311,31;31,64;342,95;4,59;306,72
24/08/2023;53;314,87;32,63;347,5;3,73;311,14
25/08/2023;63;484,37;49,88;534,25;7,99;476,38
26/08/2023;67;515,57;52,28;567,85;4,44;511,13
27/08/2023;91;646,93;66,02;712,95;12,23;634,7
29/08/2023;56;305,5;31,8;337,3;5,46;300,04
30/08/2023;68;424,65;43,4;468,05;4,64;420,01
31/08/2023;72;409,56;41,19;450,75;5,09;404,47
01/09/2023;70;423,18;43,27;466,45;5,2;417,98
02/09/2023;39;299,17;31,98;331,15;7,95;291,22
05/09/2023;88;505,64;52,06;557,7;6,54;499,1
06/09/2023;77;461,99;51,36;513,35;25,27;436,72
07/09/2023;81;455,21;47,29;502,5;10,14;445,07
08/09/2023;108;613,63;63,87;677,5;13,74;599,89
09/09/2023;65;529,2;54,7;583,9;5,94;523,26
10/09/2023;103;727,9;72,8;800,7;4,88;723,02
12/09/2023;63;340,68;36,37;377,05;9,85;330,83
13/09/2023;79;406,43;42,57;449;7,7;398,73
14/09/2023;75;396,94;41,11;438,05;8,69;388,25
15/09/2023;100;656,83;66,12;722,95;11,08;645,75
16/09/2023;63;326,29;32,86;359,15;4,09;322,2
17/09/2023;43;250,57;25,83;276,4;4,61;245,96
19/09/2023;64;336,53;34,17;370,7;6,25;330,28
20/09/2023;50;264,69;27,66;292,35;9,71;254,98
22/09/2023;61;382,67;39,23;421,9;5,65;377,02
23/09/2023;81;626,82;64,88;691,7;12,93;613,89
24/09/2023;105;820,33;84,52;904,85;9,47;810,86
25/09/2023;58;299,31;29,94;329,25;2,36;296,95
26/09/2023;69;321,28;33,72;355;15,15;306,13
27/09/2023;76;409,86;40,99;450,85;3,51;406,35
28/09/2023;72;350,5;36,8;387,3;10,54;339,96
29/09/2023;97;546,95;54,95;601,9;7,76;539,19
30/09/2023;97;745,59;75,51;821,1;4,63;740,96
01/10/2023;119;908,13;93,02;1001,15;8,06;900,07
03/10/2023;66;326,86;33,59;360,45;5,11;321,75
04/10/2023;80;441,2;45,05;486,25;5,67;435,53
05/10/2023;49;374,84;37,91;412,75;10,08;364,76
07/10/2023;78;483,41;48,99;532,4;4,13;479,28
08/10/2023;126;879,51;88,64;968,15;8,38;871,13
09/10/2023;41;231,52;23,93;255,45;4,36;227,16
10/10/2023;40;192,29;19,91;212,2;4,9;187,39
11/10/2023;58;310,04;31,26;341,3;6,04;304
12/10/2023;78;647,37;67,78;715,15;9,68;637,69
13/10/2023;45;278,51;29,32;307,83;8,39;270,12
14/10/2023;60;359,2;34,52;393,72;22,81;336,39
15/10/2023;76;539,64;56,52;596,17;39,64;500
17/10/2023;40;177,21;17,66;194,87;17,95;159,26
18/10/2023;26;112,2;11,69;123,89;14,3;97,9
19/10/2023;23;77,61;8,49;86,09;11,97;65,64
20/10/2023;28;168,13;16,59;184,72;28,02;140,11
21/10/2023;36;223,18;21,34;244,51;44,03;179,15
22/10/2023;37;247,91;24,82;272,73;13,72;234,19
23/10/2023;24;108,23;10,35;118,57;18,51;89,72
25/10/2023;34;190,91;18,4;209,3;22,55;168,36
26/10/2023;24;134,94;13,49;148,44;17,6;117,34
27/10/2023;31;151,73;14,96;166,69;22,23;129,5
28/10/2023;27;147,24;14,72;161,96;17,13;130,11
29/10/2023;37;217,56;21,96;239,52;32,82;184,74
02/11/2023;30;169,69;16,5;186,19;22,28;147,41
03/11/2023;24;130,97;12,86;143,82;31,78;99,19
04/11/2023;35;185,84;17,87;203,71;33,07;152,77
05/11/2023;37;273,46;27,12;300,57;36,01;237,45
07/11/2023;34;134,37;12,96;147,33;19,85;114,52
08/11/2023;31;112,22;11,43;123,64;9,16;103,06
09/11/2023;37;263,99;26,76;290,75;30,34;233,65
10/11/2023;33;181,38;17,9;199,27;31,55;149,83
11/11/2023;25;222,45;23,01;245,46;42,39;180,06
12/11/2023;63;473,21;52,49;525,7;56,38;416,83
14/11/2023;30;119,07;11,43;130,5;23,17;95,9
15/11/2023;26;91,13;8,87;100;11,13;80
16/11/2023;29;119,89;11,27;131,16;7,8;112,09
17/11/2023;36;200,42;20,08;220,5;34,23;166,19
18/11/2023;39;265,26;27,2;292,46;37,68;227,58
19/11/2023;39;246,57;24,95;271,52;33,27;213,3
21/11/2023;31;104,07;11,12;115,19;19,34;84,73
22/11/2023;26;131,13;12,88;144;43,65;87,48
23/11/2023;29;110,41;10,32;120,74;19,09;91,32
24/11/2023;25;115,91;11,62;127,52;14,9;101,01
25/11/2023;29;208,17;21,84;230,01;20,98;187,19
26/11/2023;21;155,17;15,04;170,22;28,3;126,87
28/11/2023;32;122,56;12,47;135,03;18,96;103,6
29/11/2023;29;109,01;10,92;119,93;20,67;88,34
30/11/2023;31;127,69;12,29;139,98;28,29;99,4
01/12/2023;36;194,49;20,5;214,99;38,57;155,92
02/12/2023;30;177,59;17,03;194,62;28,07;149,52
03/12/2023;22;158,22;16,33;174,55;13,44;144,78
05/12/2023;30;127,51;12,75;140,26;45,56;81,95
06/12/2023;22;154,09;15,17;169,26;14,67;139,42
07/12/2023;25;126,41;12,4;138,82;23,18;103,23
08/12/2023;17;82,38;8,21;90,59;6,53;75,85
09/12/2023;8;28,78;2,88;31,66;3,27;25,51
10/12/2023;12;82,69;8,27;90,95;6,28;76,41
11/12/2023;20;56,78;5,89;62,67;13,21;43,57
12/12/2023;28;114,59;11,24;125,83;18,22;96,37
13/12/2023;21;67,12;6,71;73,83;12,14;54,98
14/12/2023;21;132,55;13,24;145,8;20,56;111,99
15/12/2023;28;118,08;12,28;130,36;10,75;107,33
16/12/2023;28;161,67;16,6;178,28;26,11;135,56
17/12/2023;27;162,07;16,21;178,28;23,12;138,95
19/12/2023;34;133,2;13,59;146,79;15,17;118,03
20/12/2023;29;127,99;12,8;140,79;27,03;100,96
21/12/2023;26;187,22;18,69;205,91;13,6;173,62
22/12/2023;31;222,2;22,22;244,42;68,37;153,83
23/12/2023;23;176;16,41;192,41;13,2;162,8
24/12/2023;13;197,17;19,72;216,89;23,17;174
25/12/2023;26;206,02;20,87;226,89;38,74;167,28
26/12/2023;18;95,63;9,32;104,95;2,95;92,68
27/12/2023;21;83,31;8,33;91,64;10,18;73,13
28/12/2023;25;140,68;13,83;154,51;11,89;128,79
03/01/2024;23;109,09;10,91;120;10,25;98,84
04/01/2024;8;38,31;3,59;41,9;4,53;33,78
05/01/2024;24;111,18;11,65;122,84;15,06;96,12
06/01/2024;19;146,44;14,41;160,85;19,35;127,09
07/01/2024;17;117,59;12,03;129,62;6,59;111
08/01/2024;18;87,49;9,01;96,5;10,53;76,96
09/01/2024;13;41,45;4,15;45,6;7,94;33,51
10/01/2024;10;50,4;4,8;55,2;4,77;45,63
01/02/2024;36;164,24;17,56;181,8;22,1;142,14
02/02/2024;50;203,49;20,28;223,77;23,82;179,67
03/02/2024;48;283,32;30,8;314,13;42,7;240,62
04/02/2024;82;580,77;57,98;638,75;31,27;549,5
05/02/2024;19;74,88;7,7;82,57;10,46;64,42
06/02/2024;27;86,05;8,13;94,18;8,94;77,11
07/02/2024;23;84,92;8,5;93,42;14,5;70,42
08/02/2024;23;105,04;10,76;115,8;12,31;92,73
09/02/2024;24;137,6;14,45;152,05;13,89;123,71
10/02/2024;27;205,23;20,29;225,52;22,18;183,05
11/02/2024;21;177,12;17,02;194,13;5,4;171,72
13/02/2024;26;86,31;8,63;94,95;8,91;77,4
14/02/2024;24;83,49;8,35;91,84;7,28;76,21
15/02/2024;29;113,04;11,55;124,59;14,1;98,94
16/02/2024;35;134,88;13,22;148,1;20,31;114,57
17/02/2024;95;639,99;76,58;716,57;55,17;584,82
18/02/2024;93;669,51;72,85;742,36;48,5;621,01
20/02/2024;46;225,73;22,84;248,57;10,41;215,32
21/02/2024;44;237,68;23,07;260,76;17,64;220,04
22/02/2024;29;133,18;13,32;146,5;14,64;118,54
23/02/2024;18;128;12,56;140,56;12,24;115,76
24/02/2024;26;205,53;19,14;224,67;18,32;187,21
25/02/2024;16;144,37;13,98;158,35;10,47;133,9
27/02/2024;23;88,7;8,85;97,55;13,82;74,88
28/02/2024;35;135,77;13,8;149,57;26,42;109,35
29/02/2024;27;136,36;14,05;150,41;13,26;123,1
01/03/2024;31;150,49;14,82;165,31;12,19;138,3
03/03/2024;29;232,57;23,94;256,51;17,18;215,39
05/03/2024;33;148,95;14,67;163,61;24,66;124,29
06/03/2024;35;173,06;17,31;190,37;16,96;156,1
07/03/2024;21;97,53;9,52;107,05;18,74;78,79
08/03/2024;26;99,02;10,41;109,43;11,01;88,01
09/03/2024;22;166,84;15,5;182,34;16,2;150,64
10/03/2024;37;278,7;28,69;307,4;25,25;253,45
12/03/2024;43;187,81;19,76;207,57;24,64;163,17
13/03/2024;46;205,3;20,76;226,06;16,55;188,75
14/03/2024;28;128,27;12,83;141,1;13,57;114,7
15/03/2024;32;182,85;18,05;200,9;11,24;171,61
16/03/2024;74;476,29;48,37;524,67;22,99;453,3
17/03/2024;96;637,39;67,18;704,57;23,02;614,37
19/03/2024;64;317,44;32,85;350,29;12,43;305,01
20/03/2024;56;261,41;26,56;287,97;10,19;251,22
21/03/2024;89;502,59;51,8;554,39;25,96;476,63
22/03/2024;107;567,95;57,25;625,2;15,26;552,69
23/03/2024;91;649,01;66,33;715,34;15,36;633,65
24/03/2024;90;609,36;63,25;672,61;30,24;579,12
26/03/2024;27;130,89;13,03;143,92;14,21;116,68
27/03/2024;20;98,28;9,84;108,12;7,26;91,02
28/03/2024;9;37,01;3,46;40,48;4,09;32,92
30/03/2024;3;7,22;0,98;8,2;0,67;6,55
01/04/2024;25;103,26;10,33;113,59;2,59;100,67
02/04/2024;24;135,48;13,82;149,3;11,05;124,43
03/04/2024;42;180,61;18,33;198,94;11,68;168,93
04/04/2024;61;298,65;30,46;329,11;7,3;291,35
05/04/2024;121;741,49;74,51;816;16,05;725,44
06/04/2024;95;692,56;70,99;763,55;8,97;683,59
07/04/2024;139;1035,42;104,08;1139,5;8,41;1027,01
09/04/2024;79;359,67;36,45;396,12;12,28;347,39
10/04/2024;72;374,19;37,31;411,5;6,06;368,13
11/04/2024;105;592,08;59,72;651,8;7,09;584,99
12/04/2024;141;942,21;95,04;1037,25;7,24;934,97
13/04/2024;175;1200,32;120,48;1320,8;8,47;1191,85
14/04/2024;187;1393,99;141,31;1535,3;12,4;1381,59
16/04/2024;77;420,4;43,25;463,65;6,72;413,68
17/04/2024;85;456,27;46,18;502,45;4,4;451,87
18/04/2024;90;503,66;51,09;554,75;6,72;496,94
19/04/2024;112;782,45;79,8;862,25;6,07;776,38
20/04/2024;149;1030,36;105,04;1135,4;12,27;1018,09
21/04/2024;148;1113,89;117,46;1231,35;19,3;1094,59
23/04/2024;52;227,07;22,73;249,8;3,9;223,17
24/04/2024;51;285,15;28,75;313,9;6,38;278,77
25/04/2024;48;264,12;27,18;291,3;4,99;259,13
26/04/2024;40;212,99;22,66;235,65;4,76;208,23
27/04/2024;8;23;2,3;25,3;1,3;21,7
03/05/2024;61;414,11;43,94;458,05;11,83;402,28
04/05/2024;65;522,2;53,9;576,1;8,37;513,83
05/05/2024;60;568,99;57,71;626,7;7,1;561,89
06/05/2024;22;127,84;13,76;141,6;4,12;123,72
07/05/2024;75;443,25;45,1;488,35;6,97;436,28
08/05/2024;67;388,28;39,22;427,5;2,89;385,39
09/05/2024;86;474,66;48,19;522,85;6,44;468,22
10/05/2024;147;917,17;93,93;1011,1;13,33;903,84
11/05/2024;143;1060,48;110,42;1170,9;19,54;1040,94
12/05/2024;178;1331,81;133,89;1465,7;11,59;1320,22
14/05/2024;38;217,49;21,76;239,25;1,3;216,19
15/05/2024;149;1097,16;117,94;1215,1;18,96;1078,2
16/05/2024;44;246,26;24,64;270,9;3,73;242,53
17/05/2024;81;520,45;54,35;574,8;7,55;512,9
18/05/2024;99;789,37;79,08;868,45;6,95;782,42
19/05/2024;103;830,71;86,04;916,75;14,59;816,12
21/05/2024;35;231,73;23,62;255,35;2,54;229,19
22/05/2024;54;325,56;34,09;359,65;5,57;319,99
23/05/2024;101;591,65;59,65;651,3;6,18;585,47
24/05/2024;145;816,49;82,86;899,35;7,41;809,08
25/05/2024;123;868,26;88,44;956,7;3,4;864,86
26/05/2024;154;1201,06;120,49;1321,55;5,31;1195,75
28/05/2024;90;557,95;57,75;615,7;9,22;548,73
29/05/2024;94;556,17;57,03;613,2;4,62;551,55
30/05/2024;126;803,8;80,8;884,6;2,37;801,43
31/05/2024;134;942,32;97,48;1039,8;12,9;929,42
01/06/2024;135;1081,91;114,24;1196,15;6,34;1075,57
02/06/2024;162;1152,95;115,15;1268,1;3,83;1149,12
04/06/2024;98;555,18;55,77;610,95;1,99;553,19
05/06/2024;112;695,54;70,81;766,35;4,33;691,21
06/06/2024;127;788,11;80,74;868,85;9,56;778,55
07/06/2024;158;1037,42;104,43;1141,85;9,36;1028,06
08/06/2024;58;513,69;51,91;565,6;5,98;507,71
09/06/2024;137;1019,13;103,47;1122,6;7,19;1011,94
11/06/2024;103;592,07;60,18;652,25;9,54;582,53
12/06/2024;76;456,67;46,58;503,25;7,28;449,39
13/06/2024;104;591,43;61,42;652,85;12,03;579,4
14/06/2024;132;872,63;91,37;964;13,01;859,62
15/06/2024;105;747,6;75;822,6;9,01;738,59
16/06/2024;136;1057,49;107,06;1164,55;7,25;1050,24
18/06/2024;49;286,31;28,64;314,95;1,04;285,27
19/06/2024;57;367,22;36,78;404;3,09;364,13
20/06/2024;44;293,86;29,39;323,25;1,33;292,53
21/06/2024;142;961,33;98,77;1060,1;3,03;958,3
22/06/2024;102;761,08;77,37;838,45;6,28;754,8
23/06/2024;121;827,75;86,4;914,15;12,85;814,9
25/06/2024;86;479,46;49,49;528,95;7,22;472,24
26/06/2024;75;415,86;41,84;457,7;1,96;413,9
27/06/2024;88;547,33;55,67;603;5,11;542,22
28/06/2024;60;425,6;43,5;469,1;6,57;419,03
29/06/2024;75;652,24;67,31;719,55;8,08;644,16
30/06/2024;111;791,9;80,15;872,05;6,38;785,52
02/07/2024;58;315,68;31,82;347,5;1,44;314,24
03/07/2024;89;546;55,1;601,1;2,19;543,81
04/07/2024;90;561,58;56,42;618;1,32;560,26
05/07/2024;85;567,84;56,81;624,65;0,52;567,32
06/07/2024;102;805,6;82,05;887,65;5,32;800,28
07/07/2024;118;868,78;87,42;956,2;0,78;868
09/07/2024;75;429,65;44,5;474,15;5,55;424,1
10/07/2024;65;436,68;44,47;481,15;3,31;433,37
11/07/2024;102;612,52;61,78;674,3;2,59;609,93
12/07/2024;103;622,71;62,74;685,45;5,86;616,85
13/07/2024;90;722,97;72,88;795,85;1,78;721,19
14/07/2024;86;677,07;67,73;744,8;1,96;675,11
16/07/2024;72;423,71;42,39;466,1;1,81;421,9
17/07/2024;57;354,55;36,75;391,3;4,83;349,72
18/07/2024;67;477,57;49,53;527,1;6,29;471,28
19/07/2024;73;439,9;45,65;485,55;1,3;438,6
20/07/2024;90;726,23;74,27;800,5;0,78;725,45
21/07/2024;88;743,48;74,82;818,3;4,11;739,37
23/07/2024;73;438,86;44,79;483,65;3,61;435,25
24/07/2024;61;466,35;46,95;513,3;2,2;464,15
26/07/2024;63;475,6;48,55;524,15;2,32;473,28
27/07/2024;63;463,99;46,41;510,4;1,14;462,85
28/07/2024;78;524,25;52,65;576,9;1,07;523,18
29/07/2024;34;250,67;25,08;275,75;0,52;250,15
30/07/2024;64;459,17;45,93;505,1;0,66;458,51
31/07/2024;66;403,51;40,59;444,1;0,34;403,17
01/08/2024;70;436,89;44,41;481,3;5,3;431,59
02/08/2024;80;533,78;54,27;588,05;3,22;530,56
03/08/2024;64;474,6;47,7;522,3;4,63;469,97
04/08/2024;64;501,98;50,22;552,2;0,87;501,11
06/08/2024;54;329,51;32,99;362,5;0,78;328,73
07/08/2024;59;360,36;36,24;396,6;2,76;357,6
08/08/2024;47;300,81;30,09;330,9;1,52;299,29
09/08/2024;48;392,33;39,27;431,6;1,1;391,23
10/08/2024;68;523,66;52,59;576,25;1,5;522,16
15/08/2024;98;783,93;78,92;862,85;4,13;779,8
16/08/2024;65;452,07;45,23;497,3;0,55;451,52
17/08/2024;59;408;40,8;448,8;1,29;406,71
18/08/2024;78;521,05;52,1;573,15;1,51;519,54
20/08/2024;60;345,46;35,09;380,55;0,52;344,94
21/08/2024;56;352,58;36,92;389,5;5,24;347,34
22/08/2024;51;341,29;34,86;376,15;4,15;337,14
23/08/2024;60;459,65;47;506,65;5,43;454,22
24/08/2024;84;692,95;70,15;763,1;2,86;690,09
25/08/2024;51;408,04;41,56;449,6;2,02;406,02
27/08/2024;49;300,82;30,08;330,9;0,78;300,04
28/08/2024;67;462,11;46,24;508,35;1,31;460,8
29/08/2024;51;300,41;30,79;331,2;4,87;295,54
30/08/2024;72;520,48;52,52;573;2,94;517,54
31/08/2024;66;556,74;57,11;613,85;1,55;555,19
01/09/2024;120;973,07;98,33;1071,4;6,51;966,56
03/09/2024;86;524,6;53;577,6;2,59;522,01
04/09/2024;92;483,62;48,78;532,4;4,07;479,55
05/09/2024;72;448,68;44,87;493,55;4,09;444,59
06/09/2024;99;645,02;65,63;710,65;7,62;637,4
07/09/2024;104;872,09;88,21;960,3;4,77;867,32
08/09/2024;107;753,9;75,4;829,3;5,06;748,84
10/09/2024;77;470,8;47,3;518,1;2,28;468,52
11/09/2024;70;471,77;47,93;519,7;2,23;469,54
12/09/2024;76;421,83;43,17;465;8,31;413,52
13/09/2024;85;582,39;59,81;642,2;11,91;570,48
14/09/2024;103;628,18;62,82;691;3;625,18
15/09/2024;127;834,71;83,99;918,7;5,57;829,14
17/09/2024;85;548,66;56,09;604,75;6,39;542,27
18/09/2024;56;318,77;32,73;351,5;7,54;311,23
19/09/2024;38;204,82;20,48;225,3;2,33;202,49
20/09/2024;56;277,08;28,47;305,55;6,44;270,64
21/09/2024;66;511,37;51,38;562,75;5,74;505,63
22/09/2024;85;693,02;70,78;763,8;4,65;688,37
24/09/2024;38;199,18;20,17;219,35;3,11;196,07
25/09/2024;33;186,31;18,64;204,95;3,37;182,94
26/09/2024;27;145,57;15,08;160,65;3,16;142,41
27/09/2024;37;256,06;26,29;282,35;6,63;249,43
28/09/2024;61;465,12;46,73;511,85;3,56;461,56
29/09/2024;84;631,56;64,24;695,8;9,28;622,28
30/09/2024;44;209,73;20,97;230,7;1,65;208,08
01/10/2024;56;289,38;29,97;319,35;22,43;266,95
02/10/2024;22;94,95;9,75;104,7;13,88;81,07
03/10/2024;59;272,38;28,62;301;18,1;254,28
04/10/2024;84;451,59;47,13;498,73;14,38;437,21
05/10/2024;51;394,85;40,77;435,62;18,2;376,65
06/10/2024;60;502,1;51,97;554,07;29,35;472,75
08/10/2024;42;201,71;20,17;221,88;31,86;169,85
09/10/2024;27;107,68;10,94;118,62;25,44;82,24
10/10/2024;38;176,95;17,45;194,4;12,2;164,75
11/10/2024;48;257,36;25,76;283,12;17,06;240,3
12/10/2024;38;239,96;24,01;263,97;20,12;219,84
13/10/2024;83;621,29;62,91;684,2;31,41;589,88
15/10/2024;28;109,79;10,7;120,49;9,88;99,91
16/10/2024;41;201,54;20,26;221,81;27,47;174,07
17/10/2024;36;160,89;15,81;176,7;18,7;142,19
18/10/2024;42;214,42;23;237,41;16,17;198,25
19/10/2024;57;375,71;37,8;413,51;36,44;339,27
20/10/2024;71;499,8;50,43;550,22;22,56;477,24
24/10/2024;37;196,68;19,66;216,33;20,19;176,49
25/10/2024;22;124,93;12,49;137,42;8,23;116,7
26/10/2024;32;244,21;24,9;269,11;34,82;209,39
27/10/2024;37;197,64;21,09;218,72;23,88;173,76
30/10/2024;34;143,09;14,31;157,4;8,61;134,48
31/10/2024;33;170,02;17,26;187,28;7,46;162,56
01/11/2024;33;217,8;23,32;241,12;9,13;208,67
02/11/2024;49;360,69;36,61;397,29;21;339,69
03/11/2024;56;362,05;36,49;398,53;14,76;347,29
05/11/2024;29;114,02;11,88;125,89;12,74;101,28
06/11/2024;28;166,16;16,84;183;22,79;143,37
07/11/2024;35;156,64;15,68;172,32;14,61;142,03
08/11/2024;35;188,04;18,58;206,62;10,44;177,6
09/11/2024;38;195,98;18,86;214,84;14,3;181,68
10/11/2024;50;375,5;38,77;414,27;29,03;346,47
12/11/2024;22;76,55;7,65;84,2;14,28;62,27
13/11/2024;25;97,8;10,06;107,86;16,69;81,11
14/11/2024;28;109,15;10,92;120,07;13,76;95,39
15/11/2024;35;138,98;13,9;152,88;7,5;131,48
16/11/2024;30;207,06;20,93;227,99;26,91;180,15
17/11/2024;49;287,17;28,92;316,09;25,26;261,91
19/11/2024;27;109,16;10,19;119,35;9,33;99,83
20/11/2024;33;178,32;18,06;196,38;17,49;160,83
21/11/2024;26;94,82;9,2;104,02;13,58;81,24
22/11/2024;22;114,52;12,51;127,03;13,57;100,95
23/11/2024;37;219,88;21,75;241,63;15,92;203,96
24/11/2024;38;272,53;27,79;300,32;28,15;244,38
26/11/2024;20;80,47;8,3;88,78;11,48;68,99
27/11/2024;23;152,81;15,04;167,84;24,88;127,93
28/11/2024;20;115,28;11,54;126,82;18,9;96,38
29/11/2024;22;72;7,17;79,18;6,34;65,66
30/11/2024;41;295,06;31,62;326,67;34,26;260,8
01/12/2024;31;235,86;23,6;259,46;23,24;212,62
03/12/2024;26;80,46;8,05;88,5;11,55;68,91
04/12/2024;28;201,43;20,43;221,86;34,94;166,49
05/12/2024;25;117,9;11,3;129,2;9,42;108,48
06/12/2024;28;156,52;15,16;171,68;18,83;137,69
07/12/2024;30;186,31;18,39;204,69;17,98;168,33
08/12/2024;34;238,29;23,35;261,64;24,31;213,98
10/12/2024;23;93,54;9,11;102,65;12,9;80,64
11/12/2024;23;146,22;14,83;161,06;23,09;123,13
12/12/2024;23;136,84;13,2;150,04;10,23;126,61
13/12/2024;25;124,5;12,42;136,92;12,14;112,36
14/12/2024;29;195,23;19,21;214,44;17,87;177,36
15/12/2024;33;195,08;18,56;213,64;16,8;178,28
17/12/2024;28;136,4;12,91;149,3;16,21;120,19
18/12/2024;29;92,96;9,3;102,26;12,47;80,49
19/12/2024;26;198,39;19,78;218,16;10,23;188,16
20/12/2024;39;198,31;19,59;217,89;20,46;177,85
21/12/2024;27;199,38;19,71;219,09;18,98;180,4
22/12/2024;25;202,44;19,04;221,48;13,64;188,8
24/12/2024;19;292,61;28,79;321,4;8,13;284,48
27/12/2024;26;167,64;16,76;184,4;18,23;149,41
28/12/2024;27;155,51;15,27;170,78;15,36;140,15
29/12/2024;28;224,36;24,04;248,4;12,57;211,79
31/12/2024;27;284,14;27,94;312,08;31,5;252,64
