Fecha,Temperatura_Media,Precipitaciones,Humedad_Relativa,Radiación_Solar,Velocidad_Viento,Ventas,Año,Mes,Fin_de_semana_o_festivo,Estación_Año,Interacción_temp_humedad
2021-02-01,11.3,0.0,73.0,132.0,3.2,76.55,2021,2,0,0,824.9000000000001
2021-02-03,10.0,0.0,88.0,49.0,1.4,46.88,2021,2,0,0,880.0
2021-02-04,10.7,0.0,85.0,75.0,1.5,100.06,2021,2,0,0,909.4999999999999
2021-02-05,11.7,0.13,75.0,124.0,1.6,377.79,2021,2,0,0,877.5
2021-02-06,8.7,0.05,91.0,60.0,1.4,292.16,2021,2,1,0,791.6999999999999
2021-02-07,6.9,0.02,81.0,123.0,2.6,381.85,2021,2,1,0,558.9
2021-02-08,7.1,0.34,90.0,108.0,3.6,95.58,2021,2,0,0,639.0
2021-02-10,11.4,0.0418518518518518,77.0,114.77777777777776,1.755555555555555,123.54,2021,2,0,0,877.8000000000001
2021-02-11,11.4,0.09,96.0,41.0,2.1,98.72,2021,2,0,0,1094.4
2021-02-12,10.9,0.1,78.0,131.0,2.2,221.84,2021,2,0,0,850.2
2021-02-13,10.2,0.0,67.0,142.0,1.2,649.75,2021,2,1,0,683.4
2021-02-14,8.7,0.0,75.0,156.0,0.9,925.23,2021,2,1,0,652.5
2021-02-15,9.9,0.0,76.0,130.0,1.0,147.57,2021,2,0,0,752.4
2021-02-17,10.1,0.0,76.0,137.0,1.1,179.45,2021,2,0,0,767.6
2021-02-18,9.0,0.0,73.0,149.0,1.6,225.56,2021,2,0,0,657.0
2021-02-19,9.3,0.0,67.0,164.0,1.2,376.25,2021,2,0,0,623.1
2021-02-20,10.3,0.0,59.0,157.0,2.0,731.47,2021,2,1,0,607.7
2021-02-21,9.2,0.21,78.0,46.0,3.0,242.19,2021,2,1,0,717.5999999999999
2021-02-22,7.8,0.0,66.0,103.0,1.8,128.92,2021,2,0,0,514.8
2021-02-24,8.7,0.0,79.0,119.0,1.6,117.97,2021,2,0,0,687.3
2021-02-25,10.1,0.0,72.0,113.0,1.3,176.8,2021,2,0,0,727.1999999999999
2021-02-26,10.7,0.0,68.0,151.0,0.8,478.45,2021,2,0,0,727.5999999999999
2021-02-27,11.7,0.0,59.0,189.0,0.8,1002.54,2021,2,1,0,690.3
2021-02-28,9.1,0.0,67.0,156.0,2.3,535.21,2021,2,1,0,609.6999999999999
2021-03-01,8.5,0.0,75.0,14.0,1.6,132.9,2021,3,0,1,637.5
2021-03-03,11.1,0.0,74.0,110.0,0.7,110.58,2021,3,0,1,821.4
2021-03-04,8.6,0.0,85.0,81.0,0.7,95.05,2021,3,0,1,731.0
2021-03-05,9.7,0.0,76.0,142.0,1.0,413.29,2021,3,0,1,737.1999999999999
2021-03-06,11.4,0.0,64.0,142.0,1.2,718.97,2021,3,1,1,729.6
2021-03-07,9.9,0.12,75.0,144.0,1.1,475.69,2021,3,1,1,742.5
2021-03-09,8.4,0.1,62.0,190.0,1.6,190.29,2021,3,0,1,520.8000000000001
2021-03-10,7.4,0.0,64.0,218.0,1.2,206.3,2021,3,0,1,473.6
2021-03-11,10.6,0.0,71.0,209.0,1.7,303.8,2021,3,0,1,752.6
2021-03-12,10.3,0.0,67.0,187.0,1.9,321.59,2021,3,0,1,690.1
2021-03-13,7.8,0.0,60.0,229.0,1.8,839.04,2021,3,1,1,468.0
2021-03-14,9.5,0.0,59.0,215.0,1.1,1112.0,2021,3,1,1,560.5
2021-03-16,11.5,0.0,50.0,234.0,2.5,308.65,2021,3,0,1,575.0
2021-03-17,12.5,0.0,46.0,241.0,3.8,230.1,2021,3,0,1,575.0
2021-03-18,8.6,0.0,44.0,203.0,2.2,219.07,2021,3,0,1,378.4
2021-03-19,6.8,0.0,59.0,119.0,1.6,530.62,2021,3,0,1,401.2
2021-03-20,6.6,0.0,42.0,251.0,2.6,496.77,2021,3,1,1,277.2
2021-03-21,7.4,0.0,44.0,248.0,1.3,773.94,2021,3,1,1,325.6
2021-03-23,10.4,0.0,52.0,249.0,1.0,323.49,2021,3,0,1,540.8000000000001
2021-03-24,11.4,0.0,50.0,250.0,1.3,301.79,2021,3,0,1,570.0
2021-03-25,12.0,0.0,51.0,243.0,1.5,392.43,2021,3,0,1,612.0
2021-03-26,11.9,0.0,53.0,216.0,2.1,378.63,2021,3,0,1,630.7
2021-03-27,11.6,0.0,60.0,169.0,1.3,851.68,2021,3,1,1,696.0
2021-03-28,13.2,0.0,57.0,229.0,1.7,1117.14,2021,3,1,1,752.4
2021-03-30,15.9,0.0,39.0,143.0,2.3,454.47,2021,3,0,1,620.1
2021-03-31,15.3,0.0,40.0,234.0,2.1,592.7,2021,3,0,1,612.0
2021-04-01,16.3,0.0,38.0,203.0,1.9,1203.42,2021,4,0,1,619.4
2021-04-02,12.9,0.32,83.0,121.0,1.4,412.06,2021,4,0,1,1070.7
2021-04-03,12.5,0.05,77.0,192.0,1.0,623.34,2021,4,1,1,962.5
2021-04-04,13.2,0.0,50.0,269.0,1.1,1366.58,2021,4,1,1,660.0
2021-04-06,14.2,0.0,46.0,279.0,1.4,384.91,2021,4,0,1,653.1999999999999
2021-04-07,12.9,0.0,41.0,270.0,1.9,436.2,2021,4,0,1,528.9
2021-04-08,12.7,0.0,66.0,153.0,1.9,314.4,2021,4,0,1,838.1999999999999
2021-04-09,10.6,0.28,77.0,94.0,1.6,339.95,2021,4,0,1,816.1999999999999
2021-04-10,12.3,0.25,75.0,207.0,1.7,861.4,2021,4,1,1,922.5
2021-04-11,11.8,0.38,83.0,178.0,1.7,591.65,2021,4,1,1,979.4000000000001
2021-04-14,14.5,0.0,68.0,212.0,1.5,235.4,2021,4,0,1,986.0
2021-04-15,13.2,0.0,66.0,121.0,2.0,198.75,2021,4,0,1,871.1999999999999
2021-04-16,12.2,0.0,56.0,236.0,1.6,571.05,2021,4,0,1,683.1999999999999
2021-04-17,9.9,0.0,40.0,302.0,1.7,1025.75,2021,4,1,1,396.0
2021-04-18,10.9,0.0,46.0,295.0,1.6,1231.7,2021,4,1,1,501.40000000000003
2021-04-20,13.6,0.0,65.0,189.0,1.7,135.15,2021,4,0,1,884.0
2021-04-21,12.7,0.0,69.0,224.0,2.0,175.1,2021,4,0,1,876.3
2021-04-22,12.5,0.32,82.0,150.0,1.1,139.2,2021,4,0,1,1025.0
2021-04-23,13.3,0.0,71.0,163.0,2.6,394.95,2021,4,0,1,944.3000000000001
2021-04-24,12.4,0.2,73.0,139.0,2.6,459.4,2021,4,1,1,905.2
2021-04-25,10.7,0.43,90.0,41.0,1.3,212.9,2021,4,1,1,962.9999999999999
2021-04-27,13.7,0.07,79.0,182.0,1.3,172.95,2021,4,0,1,1082.3
2021-04-28,13.4,0.01,78.0,214.0,2.2,242.45,2021,4,0,1,1045.2
2021-04-29,12.6,0.01,74.0,248.0,3.5,261.3,2021,4,0,1,932.4
2021-04-30,11.4,0.0,64.0,254.0,1.8,414.1,2021,4,0,1,729.6
2021-05-01,11.4,0.0,62.0,184.0,1.2,698.0,2021,5,1,1,706.8000000000001
2021-05-02,12.9,0.01,55.0,246.0,1.3,1322.05,2021,5,1,1,709.5
2021-05-04,15.0,0.03,62.0,324.0,1.3,701.95,2021,5,0,1,930.0
2021-05-05,17.3,0.0,47.0,321.0,1.5,471.0,2021,5,0,1,813.1
2021-05-06,18.2,0.0,50.0,322.0,1.9,422.6,2021,5,0,1,910.0
2021-05-07,20.6,0.0,44.0,320.0,1.7,967.8,2021,5,0,1,906.4000000000001
2021-05-08,20.0,0.0,47.0,285.0,2.4,922.0,2021,5,1,1,940.0
2021-05-10,11.0,0.0,68.0,287.0,3.2,131.8,2021,5,0,1,748.0
2021-05-11,11.4,0.0,54.0,263.0,2.8,195.0,2021,5,0,1,615.6
2021-05-12,13.9,0.01,57.0,281.0,3.5,235.4,2021,5,0,1,792.3000000000001
2021-05-13,14.3,0.0,57.0,230.0,3.1,181.4,2021,5,0,1,815.1
2021-05-14,16.6,0.0,46.0,327.0,2.0,737.6,2021,5,0,1,763.6
2021-05-15,18.6,0.0,56.0,274.0,2.2,1186.0,2021,5,1,1,1041.6000000000001
2021-05-16,19.6,0.0,61.0,301.0,2.6,1020.3,2021,5,1,1,1195.6000000000001
2021-05-18,19.6,0.0,43.0,324.0,2.0,386.55,2021,5,0,1,842.8000000000001
2021-05-19,19.3,0.0,41.0,341.0,1.8,493.4,2021,5,0,1,791.3000000000001
2021-05-20,20.2,0.0,41.0,337.0,1.4,578.65,2021,5,0,1,828.1999999999999
2021-05-21,21.4,0.0,44.0,303.0,1.9,729.1,2021,5,0,1,941.5999999999999
2021-05-22,17.1,0.0,37.0,252.0,2.0,740.6,2021,5,1,1,632.7
2021-05-23,14.8,0.0,49.0,209.0,1.8,638.2,2021,5,1,1,725.2
2021-05-25,18.7,0.0,45.0,336.0,1.5,450.35,2021,5,0,1,841.5
2021-05-26,20.4,0.0,53.0,304.0,2.0,438.15,2021,5,0,1,1081.1999999999998
2021-05-27,21.5,0.0,48.0,234.0,1.4,473.55,2021,5,0,1,1032.0
2021-05-28,21.0,0.06,59.0,257.0,1.5,767.5,2021,5,0,1,1239.0
2021-05-29,23.0,0.0,50.0,317.0,1.2,1216.5,2021,5,1,1,1150.0
2021-05-30,24.5,0.0,45.0,315.0,2.1,1373.95,2021,5,1,1,1102.5
2021-06-01,19.4,0.19,69.0,261.0,2.2,539.35,2021,6,0,1,1338.6
2021-06-02,19.7,0.0,57.0,308.0,1.5,578.95,2021,6,0,1,1122.8999999999999
2021-06-03,22.5,0.0,50.0,297.0,2.2,444.6,2021,6,0,1,1125.0
2021-06-04,22.4,0.0,39.0,351.0,1.9,883.55,2021,6,0,1,873.5999999999999
2021-06-05,18.5,0.0,67.0,104.0,1.8,575.4,2021,6,1,1,1239.5
2021-06-06,21.2,0.01,58.0,311.0,1.3,1124.2,2021,6,1,1,1229.6
2021-06-07,24.6,0.0,39.0,334.0,1.6,390.0,2021,6,0,1,959.4000000000001
2021-06-08,26.0,0.0,34.0,332.0,1.7,452.0,2021,6,0,1,884.0
2021-06-09,26.4,0.0,29.0,353.0,2.0,552.4,2021,6,0,1,765.5999999999999
2021-06-10,27.1,0.0,35.0,341.0,1.9,501.7,2021,6,0,1,948.5
2021-06-11,25.3,0.03,43.0,303.0,1.9,473.05,2021,6,0,1,1087.9
2021-06-12,23.8,0.0,48.0,341.0,2.8,846.3,2021,6,1,1,1142.4
2021-06-13,25.0,0.0,40.0,308.0,2.7,898.8,2021,6,1,1,1000.0
2021-06-14,26.8,0.0,37.0,316.0,1.6,387.45,2021,6,0,1,991.6
2021-06-16,25.2,0.45,46.0,266.0,2.5,444.65,2021,6,0,1,1159.2
2021-06-17,17.8,0.47,80.0,142.0,1.8,362.45,2021,6,0,1,1424.0
2021-06-18,18.8,0.23,71.0,272.0,2.3,480.15,2021,6,0,1,1334.8
2021-06-19,18.4,0.0,57.0,314.0,1.7,769.25,2021,6,1,1,1048.8
2021-06-20,16.2,0.0,70.0,196.0,3.7,569.8,2021,6,1,1,1134.0
2021-06-22,17.0,0.02,63.0,108.0,1.2,261.45,2021,6,0,1,1071.0
2021-06-23,15.4,0.0,73.0,159.0,1.0,468.6,2021,6,0,1,1124.2
2021-06-24,21.8,0.0608695652173913,52.30434782608695,274.2608695652174,2.0565217391304347,480.95,2021,6,0,1,1140.2347826086957
2021-06-25,21.8,0.0608695652173913,52.30434782608695,274.2608695652174,2.0565217391304347,574.8,2021,6,0,1,1140.2347826086957
2021-06-26,21.8,0.0608695652173913,52.30434782608695,274.2608695652174,2.0565217391304347,660.45,2021,6,1,1,1140.2347826086957
2021-06-27,21.8,0.0608695652173913,52.30434782608695,274.2608695652174,2.0565217391304347,761.75,2021,6,1,1,1140.2347826086957
2021-06-28,21.8,0.0608695652173913,52.30434782608695,274.2608695652174,2.0565217391304347,367.25,2021,6,0,1,1140.2347826086957
2021-06-29,21.8,0.0608695652173913,52.30434782608695,274.2608695652174,2.0565217391304347,578.65,2021,6,0,1,1140.2347826086957
2021-06-30,21.8,0.0608695652173913,52.30434782608695,274.2608695652174,2.0565217391304347,513.1,2021,6,0,1,1140.2347826086957
2021-07-01,25.53333333333333,0.0,17.0,524.0,3.7,537.1,2021,7,0,1,434.0666666666666
2021-07-02,25.53333333333333,0.0,25.0,362.0,2.5,611.05,2021,7,0,1,638.3333333333333
2021-07-03,25.53333333333333,0.0,35.0,340.0,2.8,995.4,2021,7,1,1,893.6666666666666
2021-07-04,25.53333333333333,0.0,40.0,356.0,2.5,1036.4,2021,7,1,1,1021.3333333333333
2021-07-05,25.53333333333333,0.0,41.0,357.0,3.2,432.8,2021,7,0,1,1046.8666666666666
2021-07-06,25.53333333333333,0.04,62.0,64.0,2.0,277.0,2021,7,0,1,1583.0666666666666
2021-07-07,25.53333333333333,0.0,49.0,359.0,1.8,477.55,2021,7,0,1,1251.1333333333332
2021-07-08,25.53333333333333,0.0,39.0,355.0,1.5,507.85,2021,7,0,1,995.8
2021-07-09,25.53333333333333,0.0,37.0,346.0,1.5,745.25,2021,7,0,1,944.7333333333332
2021-07-10,25.53333333333333,0.0,39.0,399.0,1.7,716.9,2021,7,1,1,995.8
2021-07-11,25.53333333333333,0.0056666666666666,35.46666666666667,341.26666666666665,2.056666666666666,689.7,2021,7,1,1,905.5822222222222
2021-07-12,25.53333333333333,0.0,28.0,547.0,3.6,412.15,2021,7,0,1,714.9333333333333
2021-07-13,25.53333333333333,0.0,36.0,351.0,1.6,421.1,2021,7,0,1,919.1999999999999
2021-07-14,25.53333333333333,0.0,38.0,325.0,1.4,559.15,2021,7,0,1,970.2666666666667
2021-07-15,25.53333333333333,0.0,36.0,345.0,1.6,598.55,2021,7,0,1,919.1999999999999
2021-07-16,25.53333333333333,0.0,32.0,340.0,1.4,606.85,2021,7,0,1,817.0666666666666
2021-07-17,25.53333333333333,0.0,25.0,339.0,1.5,666.2,2021,7,1,1,638.3333333333333
2021-07-18,25.53333333333333,0.0,26.0,345.0,1.7,653.75,2021,7,1,1,663.8666666666666
2021-07-19,25.53333333333333,0.0,31.0,344.0,1.5,373.5,2021,7,0,1,791.5333333333333
2021-07-20,25.53333333333333,0.0,28.0,329.0,1.8,525.35,2021,7,0,1,714.9333333333333
2021-07-21,25.53333333333333,0.0,29.0,328.0,1.5,452.5,2021,7,0,1,740.4666666666666
2021-07-22,25.53333333333333,0.0,28.0,335.0,1.8,474.9,2021,7,0,1,714.9333333333333
2021-07-23,25.53333333333333,0.0,27.0,329.0,2.6,726.55,2021,7,0,1,689.4
2021-07-24,25.53333333333333,0.0,31.0,340.0,1.8,630.95,2021,7,1,1,791.5333333333333
2021-07-25,25.53333333333333,0.04,34.0,321.0,1.8,606.8,2021,7,1,1,868.1333333333332
2021-07-26,25.53333333333333,0.09,60.0,287.0,1.3,352.6,2021,7,0,1,1532.0
2021-07-27,25.53333333333333,0.0,44.0,327.0,2.2,449.1,2021,7,0,1,1123.4666666666667
2021-07-28,25.53333333333333,0.0,34.0,327.0,1.9,555.3,2021,7,0,1,868.1333333333332
2021-07-29,25.53333333333333,0.0,40.0,325.0,2.4,388.2,2021,7,0,1,1021.3333333333333
2021-07-30,25.53333333333333,0.0,31.0,333.0,2.9,551.0,2021,7,0,1,791.5333333333333
2021-07-31,25.53333333333333,0.0,42.0,259.0,2.2,668.9,2021,7,1,1,1072.3999999999999
2021-08-01,20.4,0.0,46.0,319.0,1.6,804.75,2021,8,1,1,938.4
2021-08-10,28.9,0.0,44.0,297.0,1.8,478.35,2021,8,0,1,1271.6
2021-08-11,30.3,0.0,36.0,273.0,1.9,597.25,2021,8,0,1,1090.8
2021-08-12,30.1,0.0,32.0,305.0,2.2,333.7,2021,8,0,1,963.2
2021-08-13,31.0,0.0,25.0,284.0,1.7,257.2,2021,8,0,1,775.0
2021-08-14,32.7,0.0,26.0,269.0,1.7,420.95,2021,8,1,1,850.2
2021-08-15,31.3,0.0,24.0,272.0,2.5,387.05,2021,8,1,1,751.2
2021-08-16,27.7,0.0,22.0,297.0,1.5,269.15,2021,8,0,1,609.4
2021-08-17,25.0,0.0,31.0,305.0,1.8,432.95,2021,8,0,1,775.0
2021-08-18,25.8,0.0,33.0,296.0,1.6,513.35,2021,8,0,1,851.4
2021-08-19,26.1,0.0,35.0,291.0,1.7,436.1,2021,8,0,1,913.5
2021-08-20,26.5,0.0,39.0,296.0,1.8,543.4,2021,8,0,1,1033.5
2021-08-21,26.2,0.0,26.0,298.0,1.6,560.1,2021,8,1,1,681.1999999999999
2021-08-22,27.2,0.0,27.0,285.0,1.3,597.6,2021,8,1,1,734.4
2021-08-23,29.2,0.0,31.0,257.0,1.6,210.1,2021,8,0,1,905.1999999999999
2021-08-24,26.2,0.0,42.0,246.0,1.8,348.6,2021,8,0,1,1100.3999999999999
2021-08-25,25.0,0.0,49.0,218.0,1.9,326.55,2021,8,0,1,1225.0
2021-08-26,26.2,0.0,45.0,226.0,1.2,420.6,2021,8,0,1,1179.0
2021-08-27,24.7,0.0,43.0,147.0,1.3,510.1,2021,8,0,1,1062.1
2021-08-28,25.7,0.0,34.0,276.0,2.2,643.1,2021,8,1,1,873.8
2021-08-29,24.7,0.0,37.0,276.0,2.0,788.8,2021,8,1,1,913.9
2021-08-30,24.4,0.0,43.0,273.0,2.1,383.45,2021,8,0,1,1049.2
2021-08-31,24.9,0.0,47.0,245.0,1.5,477.7,2021,8,0,1,1170.3
2021-09-01,19.4,0.65,81.0,103.0,1.6,161.45,2021,9,0,0,1571.3999999999999
2021-09-02,19.0,0.03,77.0,194.0,1.2,337.7,2021,9,0,0,1463.0
2021-09-03,21.5,0.0,64.0,248.0,1.3,512.85,2021,9,0,0,1376.0
2021-09-04,23.0,0.0,50.0,264.0,1.2,793.75,2021,9,1,0,1150.0
2021-09-05,24.3,0.0,48.0,255.0,1.2,801.25,2021,9,1,0,1166.4
2021-09-06,25.4,0.0,46.0,141.0,1.8,334.85,2021,9,0,0,1168.3999999999999
2021-09-07,25.8,0.0,42.0,241.0,1.9,481.25,2021,9,0,0,1083.6000000000001
2021-09-08,22.1,0.0,54.0,253.0,3.0,384.85,2021,9,0,0,1193.4
2021-09-09,21.9,0.0,55.0,187.0,1.7,355.9,2021,9,0,0,1204.5
2021-09-10,22.4,0.0,51.0,248.0,2.4,534.0,2021,9,0,0,1142.3999999999999
2021-09-11,20.7,0.0,52.0,173.0,1.4,707.85,2021,9,1,0,1076.3999999999999
2021-09-12,22.6,0.0,46.0,241.0,1.2,770.9,2021,9,1,0,1039.6000000000001
2021-09-13,20.4,0.01,58.0,93.0,1.2,58.8,2021,9,0,0,1183.1999999999998
2021-09-14,17.6,1.18,85.0,56.0,1.8,104.8,2021,9,0,0,1496.0000000000002
2021-09-15,18.5,0.01,79.0,195.0,1.4,282.5,2021,9,0,0,1461.5
2021-09-16,20.2,0.0,67.0,179.0,0.9,360.45,2021,9,0,0,1353.3999999999999
2021-09-17,20.3,0.0,65.0,197.0,1.3,609.1,2021,9,0,0,1319.5
2021-09-18,19.8,0.0,55.0,224.0,1.6,692.9,2021,9,1,0,1089.0
2021-09-19,17.6,0.0,50.0,241.0,0.9,762.75,2021,9,1,0,880.0000000000001
2021-09-20,17.3,0.0,56.0,200.0,1.5,144.0,2021,9,0,0,968.8000000000001
2021-09-21,16.2,0.0,49.0,238.0,2.5,199.6,2021,9,0,0,793.8
2021-09-22,16.6,0.03,60.0,148.0,1.6,207.4,2021,9,0,0,996.0000000000001
2021-09-23,19.0,0.18,65.0,170.0,2.1,244.0,2021,9,0,0,1235.0
2021-09-24,18.5,0.3,84.0,117.0,1.6,368.15,2021,9,0,0,1554.0
2021-09-25,17.5,0.04,77.0,198.0,2.1,459.2,2021,9,1,0,1347.5
2021-09-26,17.7,0.0,69.0,219.0,1.4,768.8,2021,9,1,0,1221.3
2021-09-27,18.5,0.0,62.0,218.0,1.0,219.0,2021,9,0,0,1147.0
2021-09-28,18.2,0.0,59.0,191.0,1.4,204.65,2021,9,0,0,1073.8
2021-09-29,19.9,0.0,49.0,185.0,1.0,229.7,2021,9,0,0,975.0999999999999
2021-09-30,19.2,0.0,54.0,193.0,1.0,356.7,2021,9,0,0,1036.8
2021-10-01,18.1,0.0,60.0,152.0,0.9,566.1,2021,10,0,0,1086.0
2021-10-02,18.0,0.0,57.0,190.0,1.7,470.4,2021,10,1,0,1026.0
2021-10-03,15.4,0.35,72.0,74.0,2.5,73.3,2021,10,1,0,1108.8
2021-10-04,13.1,0.0,59.0,181.0,1.3,139.75,2021,10,0,0,772.9
2021-10-05,16.3,0.0,63.0,150.0,1.6,156.3,2021,10,0,0,1026.9
2021-10-06,18.3,0.0,63.0,196.0,1.0,248.0,2021,10,0,0,1152.9
2021-10-07,16.7,0.0,55.0,204.0,0.9,234.25,2021,10,0,0,918.5
2021-10-08,17.3,0.0,50.0,198.0,1.0,532.59,2021,10,0,0,865.0
2021-10-09,17.7,0.0,45.0,193.0,0.8,634.99,2021,10,1,0,796.5
2021-10-10,17.3,0.0,57.0,161.0,0.9,636.95,2021,10,1,0,986.1
2021-10-11,16.5,0.0,64.0,171.0,1.0,244.65,2021,10,0,0,1056.0
2021-10-12,16.7,0.0,63.0,188.0,0.8,756.63,2021,10,1,0,1052.1
2021-10-13,16.2,0.0,41.0,196.0,1.0,229.39,2021,10,0,0,664.1999999999999
2021-10-14,15.3,0.0,49.0,183.0,0.9,325.49,2021,10,0,0,749.7
2021-10-15,15.6,0.0,58.0,178.0,1.1,532.47,2021,10,0,0,904.8
2021-10-16,14.7,0.0,57.0,91.0,0.7,348.17,2021,10,1,0,837.9
2021-10-17,17.4,0.04,69.0,162.0,1.1,672.4,2021,10,1,0,1200.6
2021-10-19,18.1,0.0,68.0,164.0,0.8,190.2,2021,10,0,0,1230.8000000000002
2021-10-20,17.0,0.0,68.0,144.0,1.6,281.69,2021,10,0,0,1156.0
2021-10-21,16.6,0.0,61.0,129.0,1.1,188.04,2021,10,0,0,1012.6000000000001
2021-10-22,14.7,0.0,52.0,173.0,2.4,293.17,2021,10,0,0,764.4
2021-10-23,12.8,0.0,56.0,171.0,1.1,448.65,2021,10,1,0,716.8000000000001
2021-10-24,11.5,0.0,56.0,168.0,1.1,467.75,2021,10,1,0,644.0
2021-10-25,12.1,0.0,56.0,158.0,0.8,89.01,2021,10,0,0,677.6
2021-10-26,14.3,0.0,52.0,158.0,1.0,205.07,2021,10,0,0,743.6
2021-10-27,12.6,0.0,62.0,155.0,1.0,241.39,2021,10,0,0,781.1999999999999
2021-10-28,12.2,0.0,62.0,150.0,1.3,248.75,2021,10,0,0,756.4
2021-10-29,13.2,0.66,74.0,29.0,1.7,89.77,2021,10,0,0,976.8
2021-10-30,15.2,1.22,93.0,56.0,2.8,117.15,2021,10,1,0,1413.6
2021-10-31,15.7,0.96,97.0,61.0,2.9,227.35,2021,10,1,0,1522.8999999999999
2021-11-01,14.3,0.34,73.0,141.0,1.8,314.8,2021,11,1,0,1043.9
2021-11-03,8.6,0.0,67.0,122.0,2.2,79.04,2021,11,0,0,576.1999999999999
2021-11-04,7.3,0.0,70.0,108.0,0.9,117.4,2021,11,0,0,511.0
2021-11-05,6.9,0.0,66.0,147.0,1.6,106.88,2021,11,0,0,455.40000000000003
2021-11-06,7.1,0.0,58.0,146.0,1.2,352.8,2021,11,1,0,411.79999999999995
2021-11-07,6.1,0.0,66.0,108.0,0.8,250.88,2021,11,1,0,402.59999999999997
2021-11-10,8.6,0.0,60.0,133.0,0.8,109.66,2021,11,0,0,516.0
2021-11-11,7.9,0.0,69.0,127.0,0.7,146.96,2021,11,0,0,545.1
2021-11-12,9.7,0.0,71.0,120.0,0.8,169.57,2021,11,0,0,688.6999999999999
2021-11-13,9.8,0.0,71.0,127.0,0.7,321.47,2021,11,1,0,695.8000000000001
2021-11-14,9.6,0.0,68.0,128.0,0.8,482.92,2021,11,1,0,652.8
2021-11-16,7.1,0.0,71.0,122.0,0.7,108.29,2021,11,0,0,504.09999999999997
2021-11-17,8.3,0.0,66.0,114.0,1.3,115.66,2021,11,0,0,547.8000000000001
2021-11-18,8.2,0.0,64.0,73.0,1.0,140.95,2021,11,0,0,524.8
2021-11-19,10.3,0.0,70.0,86.0,1.7,130.98,2021,11,0,0,721.0
2021-11-20,10.8,0.0,75.0,24.0,1.0,133.27,2021,11,1,0,810.0
2021-11-21,10.5,0.0,85.0,73.0,0.9,187.38,2021,11,1,0,892.5
2021-11-23,4.6,0.0,89.0,20.0,0.9,74.05,2021,11,0,0,409.4
2021-11-24,3.9,0.0,88.0,71.0,1.4,53.87,2021,11,0,0,343.2
2021-11-25,6.2,0.0,74.0,62.0,1.1,81.12,2021,11,0,0,458.8
2021-11-26,5.3,0.0,71.0,98.0,1.0,79.26,2021,11,0,0,376.3
2021-11-27,5.4,0.0,62.0,83.0,2.3,151.75,2021,11,1,0,334.8
2021-11-28,5.2,0.0,59.0,99.0,3.6,84.45,2021,11,1,0,306.8
2021-11-30,6.1,0.0,76.0,101.0,0.9,64.25,2021,11,0,0,463.59999999999997
2021-12-01,4.3,0.11,72.0,73.0,1.6,84.05,2021,12,0,0,309.59999999999997
2021-12-01,4.3,0.11,87.0,73.0,1.6,84.05,2021,12,0,0,374.09999999999997
2021-12-02,6.6,0.0,60.0,108.0,1.9,95.36,2021,12,0,0,396.0
2021-12-02,6.6,0.0,61.0,108.0,1.9,95.36,2021,12,0,0,402.59999999999997
2021-12-03,7.4,0.0,68.0,106.0,1.2,115.83,2021,12,0,0,503.20000000000005
2021-12-03,7.4,0.0,63.0,106.0,1.2,115.83,2021,12,0,0,466.20000000000005
2021-12-04,7.1,0.0,65.0,69.0,1.8,116.7,2021,12,1,0,461.5
2021-12-04,7.1,0.0,81.0,69.0,1.8,116.7,2021,12,1,0,575.1
2021-12-05,8.3,0.0,73.0,89.0,2.6,121.64,2021,12,1,0,605.9000000000001
2021-12-05,8.3,0.0,59.0,89.0,2.6,121.64,2021,12,1,0,489.70000000000005
2021-12-06,9.2,0.0,71.0,102.0,2.1,121.31,2021,12,1,0,653.1999999999999
2021-12-06,9.2,0.0,65.0,102.0,2.1,121.31,2021,12,1,0,598.0
2021-12-08,7.0,0.05,87.0,70.0,3.1,112.3,2021,12,1,0,609.0
2021-12-08,7.0,0.05,67.0,70.0,3.1,112.3,2021,12,1,0,469.0
2021-12-09,8.5,0.0,100.0,57.0,3.1,69.5,2021,12,0,0,850.0
2021-12-09,8.5,0.0,69.0,57.0,3.1,69.5,2021,12,0,0,586.5
2021-12-10,10.9,0.0,82.0,63.0,3.6,152.81,2021,12,0,0,893.8000000000001
2021-12-10,10.9,0.0,68.0,63.0,3.6,152.81,2021,12,0,0,741.2
2021-12-11,11.6,0.0,78.0,100.0,1.5,215.68,2021,12,1,0,904.8
2021-12-11,11.6,0.0,65.0,100.0,1.5,215.68,2021,12,1,0,754.0
2021-12-12,7.2,0.0,79.0,97.0,0.7,292.25,2021,12,1,0,568.8000000000001
2021-12-12,7.2,0.0,84.0,97.0,0.7,292.25,2021,12,1,0,604.8000000000001
2021-12-14,7.2,0.0,76.0,98.0,0.6,109.41,2021,12,0,0,547.2
2021-12-14,7.2,0.0,72.0,98.0,0.6,109.41,2021,12,0,0,518.4
2021-12-15,7.4,0.0,80.0,77.0,0.6,68.4,2021,12,0,0,592.0
2021-12-15,7.4,0.0,62.0,77.0,0.6,68.4,2021,12,0,0,458.8
2021-12-16,5.3,0.0,79.0,96.0,0.8,115.6,2021,12,0,0,418.7
2021-12-16,5.3,0.0,69.0,96.0,0.8,115.6,2021,12,0,0,365.7
2021-12-17,4.4,0.0,73.0,97.0,0.8,159.47,2021,12,0,0,321.20000000000005
2021-12-17,4.4,0.0,74.0,97.0,0.8,159.47,2021,12,0,0,325.6
2021-12-18,5.5,0.0,78.0,85.0,0.9,197.25,2021,12,1,0,429.0
2021-12-18,5.5,0.0,76.0,85.0,0.9,197.25,2021,12,1,0,418.0
2021-12-19,8.4,0.0,83.0,47.0,0.9,199.53,2021,12,1,0,697.2
2021-12-19,8.4,0.0,76.0,47.0,0.9,199.53,2021,12,1,0,638.4
2021-12-21,8.7,0.0,98.0,44.0,0.6,101.41,2021,12,0,0,852.5999999999999
2021-12-21,8.7,0.0,88.0,44.0,0.6,101.41,2021,12,0,0,765.5999999999999
2021-12-22,9.9,0.0,80.0,64.0,1.0,89.45,2021,12,0,0,792.0
2021-12-22,9.9,0.0,88.0,64.0,1.0,89.45,2021,12,0,0,871.2
2021-12-23,8.3,0.1,94.0,50.0,1.0,163.5,2021,12,0,0,780.2
2021-12-24,10.3,0.1,68.0,22.0,1.0,238.41,2021,12,0,0,700.4000000000001
2021-12-24,10.3,0.1,97.0,22.0,1.0,238.41,2021,12,0,0,999.1
2021-12-26,9.1,0.31,92.0,23.0,1.7,24.9,2021,12,1,0,837.1999999999999
2021-12-26,9.1,0.31,100.0,23.0,1.7,24.9,2021,12,1,0,910.0
2021-12-27,11.7,0.01,86.0,90.0,3.9,105.64,2021,12,0,0,1006.1999999999999
2021-12-27,11.7,0.01,88.0,90.0,3.9,105.64,2021,12,0,0,1029.6
2021-12-28,10.5,0.0,96.0,91.0,2.5,138.7,2021,12,0,0,1008.0
2021-12-28,10.5,0.0,88.0,91.0,2.5,138.7,2021,12,0,0,924.0
2021-12-29,8.7,0.0,94.0,81.0,0.7,169.98,2021,12,0,0,817.8
2021-12-29,8.7,0.0,90.0,81.0,0.7,169.98,2021,12,0,0,782.9999999999999
2021-12-30,8.1,0.0,79.0,99.0,0.6,116.14,2021,12,0,0,639.9
2021-12-30,8.1,0.0,85.0,99.0,0.6,116.14,2021,12,0,0,688.5
2021-12-31,8.3,0.0,77.0,101.0,0.7,274.1,2021,12,0,0,639.1
2021-12-31,8.3,0.0,81.0,101.0,0.7,274.1,2021,12,0,0,672.3000000000001
2022-01-02,7.5,0.0,77.0,89.0,0.6,154.85,2022,1,1,0,577.5
2022-01-03,7.7,0.0,84.0,91.0,0.8,115.16,2022,1,0,0,646.8000000000001
2022-01-04,5.4,0.24,90.0,30.0,1.7,86.38,2022,1,0,0,486.00000000000006
2022-01-05,5.9,0.15,76.0,80.0,1.8,47.81,2022,1,0,0,448.40000000000003
2022-01-06,3.6,0.0,82.0,111.0,0.8,156.0,2022,1,0,0,295.2
2022-01-07,4.1,0.0,74.0,105.0,0.9,60.28,2022,1,0,0,303.4
2022-01-08,2.1,0.0,84.0,77.0,1.1,105.9,2022,1,1,0,176.4
2022-01-14,2.1,0.0,73.0,99.0,0.8,66.07,2022,1,0,0,153.3
2022-01-15,2.4,0.0,72.0,110.0,0.7,180.95,2022,1,1,0,172.79999999999998
2022-01-16,2.5,0.0,78.0,116.0,0.7,148.6,2022,1,1,0,195.0
2022-01-21,1.5,0.0,69.0,120.0,0.8,75.14,2022,1,0,0,103.5
2022-01-22,4.2,0.0,65.0,95.0,0.7,164.45,2022,1,1,0,273.0
2022-01-23,3.7,0.0,80.0,73.0,0.7,182.05,2022,1,1,0,296.0
2022-01-28,5.3,0.0,53.0,135.0,0.8,183.14,2022,1,0,0,280.9
2022-01-29,5.4,0.0,49.0,137.0,0.8,378.72,2022,1,1,0,264.6
2022-01-30,5.9,0.0,50.0,132.0,0.7,394.11,2022,1,1,0,295.0
2022-02-01,10.5,0.0,56.0,137.0,2.1,39.55,2022,2,0,0,588.0
2022-02-02,9.6,0.0,66.0,141.0,0.8,168.84,2022,2,0,0,633.6
2022-02-03,7.9,0.0,71.0,122.0,0.9,137.48,2022,2,0,0,560.9
2022-02-04,8.6,0.0,75.0,89.0,0.7,153.32,2022,2,0,0,645.0
2022-02-05,9.3,0.0,66.0,137.0,1.5,340.7,2022,2,1,0,613.8000000000001
2022-02-06,7.5,0.0,53.0,144.0,0.9,554.07,2022,2,1,0,397.5
2022-02-08,9.5,0.0,58.0,149.0,1.0,236.94,2022,2,0,0,551.0
2022-02-09,7.4,0.0,70.0,150.0,0.9,273.46,2022,2,0,0,518.0
2022-02-10,7.5,0.0,72.0,136.0,0.7,191.9,2022,2,0,0,540.0
2022-02-11,9.3,0.0,71.0,138.0,0.7,279.96,2022,2,0,0,660.3000000000001
2022-02-12,8.6,0.0,70.0,127.0,0.8,535.03,2022,2,1,0,602.0
2022-02-13,7.9,0.0,75.0,111.0,2.1,411.45,2022,2,1,0,592.5
2022-02-15,6.9,0.0,65.0,161.0,1.3,100.0,2022,2,0,0,448.5
2022-02-16,9.2,0.0,67.0,152.0,1.4,146.16,2022,2,0,0,616.4
2022-02-17,9.3,0.0,76.0,167.0,0.8,231.81,2022,2,0,0,706.8000000000001
2022-02-18,10.1,0.0,75.0,163.0,0.9,208.39,2022,2,0,0,757.5
2022-02-19,9.4,0.0,61.0,96.0,1.5,284.51,2022,2,1,0,573.4
2022-02-20,6.9,0.0,62.0,175.0,0.7,596.13,2022,2,1,0,427.8
2022-02-22,11.8,0.0,33.0,184.0,1.0,208.52,2022,2,0,0,389.40000000000003
2022-02-23,9.8,0.0,48.0,147.0,0.7,240.25,2022,2,0,0,470.40000000000003
2022-02-24,9.0,0.0,56.0,122.0,0.7,225.73,2022,2,0,0,504.0
2022-02-25,8.5,0.15,76.0,29.0,1.1,194.35,2022,2,0,0,646.0
2022-02-26,8.4,0.08,83.0,17.0,1.4,191.38,2022,2,1,0,697.2
2022-02-27,10.0,0.0,74.0,134.0,1.0,567.58,2022,2,1,0,740.0
2022-02-28,10.2,0.0,73.0,191.0,1.0,247.55,2022,2,0,0,744.5999999999999
2022-03-01,9.7,0.0,70.0,189.0,1.2,280.01,2022,3,0,1,679.0
2022-03-03,8.0,0.36,83.0,39.0,0.8,78.2,2022,3,0,1,664.0
2022-03-04,8.8,0.01,62.0,120.0,1.5,191.52,2022,3,0,1,545.6
2022-03-05,7.5,0.0,61.0,162.0,0.9,300.26,2022,3,1,1,457.5
2022-03-06,7.6,0.0,63.0,171.0,1.4,376.8,2022,3,1,1,478.79999999999995
2022-03-08,8.2,0.0,75.0,186.0,2.2,149.68,2022,3,0,1,615.0
2022-03-09,8.0,0.0,77.0,116.0,0.8,117.2,2022,3,0,1,616.0
2022-03-10,10.3,0.0,72.0,153.0,1.6,131.35,2022,3,0,1,741.6
2022-03-11,8.9,0.13,85.0,75.0,2.2,173.54,2022,3,0,1,756.5
2022-03-12,7.8,0.0,75.0,194.0,2.2,189.16,2022,3,1,1,585.0
2022-03-13,9.3,0.36,67.0,227.0,1.7,629.56,2022,3,1,1,623.1
2022-03-15,13.9,0.0,61.0,44.0,1.2,65.75,2022,3,0,1,847.9
2022-03-16,12.6,0.0,62.0,22.0,1.1,125.13,2022,3,0,1,781.1999999999999
2022-03-17,10.5,0.05,66.0,75.0,2.2,143.84,2022,3,0,1,693.0
2022-03-18,10.2,0.0,65.0,113.0,1.4,259.57,2022,3,0,1,663.0
2022-03-19,10.0,0.0,70.0,103.0,1.1,419.95,2022,3,1,1,700.0
2022-03-20,10.7,0.0,69.0,64.0,2.8,242.76,2022,3,1,1,738.3
2022-03-22,9.1,0.17,84.0,72.0,3.0,104.62,2022,3,0,1,764.4
2022-03-23,8.6,0.05,77.0,77.0,1.6,163.0,2022,3,0,1,662.1999999999999
2022-03-24,9.0,0.11,84.0,36.0,1.5,85.19,2022,3,0,1,756.0
2022-03-25,9.8,0.15,88.0,91.0,1.4,171.03,2022,3,0,1,862.4000000000001
2022-03-26,9.8,0.0,79.0,81.0,1.0,408.52,2022,3,1,1,774.2
2022-03-27,11.3,0.0,73.0,124.0,1.2,357.09,2022,3,1,1,824.9000000000001
2022-03-28,11.0,0.0,71.0,198.0,1.3,132.45,2022,3,0,1,781.0
2022-03-29,12.5,0.1,74.0,175.0,1.2,189.11,2022,3,0,1,925.0
2022-03-30,10.1,0.18,89.0,52.0,0.8,113.35,2022,3,0,1,898.9
2022-03-31,8.4,0.05,68.0,148.0,1.6,128.28,2022,3,0,1,571.2
2022-04-01,6.4,0.0,58.0,269.0,1.5,257.55,2022,4,0,1,371.20000000000005
2022-04-01,6.4,0.0,58.0,269.0,1.5,257.55,2022,4,0,1,371.20000000000005
2022-04-02,5.1,0.0,48.0,270.0,1.4,392.64,2022,4,1,1,244.79999999999998
2022-04-02,5.1,0.0,48.0,270.0,1.4,392.64,2022,4,1,1,244.79999999999998
2022-04-03,5.1,0.0,49.0,247.0,1.9,435.96,2022,4,1,1,249.89999999999998
2022-04-03,5.1,0.0,49.0,247.0,1.9,435.96,2022,4,1,1,249.89999999999998
2022-04-04,5.5,0.0,48.0,234.0,2.2,98.22,2022,4,0,1,264.0
2022-04-04,5.5,0.0,48.0,234.0,2.2,98.22,2022,4,0,1,264.0
2022-04-05,6.4,0.0,54.0,126.0,1.5,128.61,2022,4,0,1,345.6
2022-04-05,6.4,0.0,54.0,126.0,1.5,128.61,2022,4,0,1,345.6
2022-04-06,8.9,0.0,68.0,256.0,1.9,295.4,2022,4,0,1,605.2
2022-04-06,8.9,0.0,68.0,256.0,1.9,295.4,2022,4,0,1,605.2
2022-04-07,12.5,0.0,61.0,279.0,2.5,401.03,2022,4,0,1,762.5
2022-04-07,12.5,0.0,61.0,279.0,2.5,401.03,2022,4,0,1,762.5
2022-04-08,10.7,0.0,74.0,223.0,2.5,362.97,2022,4,0,1,791.8
2022-04-08,10.7,0.0,74.0,223.0,2.5,362.97,2022,4,0,1,791.8
2022-04-09,12.6,0.0,79.0,181.0,2.1,355.61,2022,4,1,1,995.4
2022-04-09,12.6,0.0,79.0,181.0,2.1,355.61,2022,4,1,1,995.4
2022-04-10,15.6,0.0,70.0,236.0,1.9,1050.39,2022,4,1,1,1092.0
2022-04-10,15.6,0.0,70.0,236.0,1.9,1050.39,2022,4,1,1,1092.0
2022-04-11,15.3,0.0,59.0,226.0,2.5,241.1,2022,4,0,1,902.7
2022-04-11,15.3,0.0,59.0,226.0,2.5,241.1,2022,4,0,1,902.7
2022-04-12,10.5,0.19,81.0,131.0,1.5,105.21,2022,4,0,1,850.5
2022-04-12,10.5,0.19,81.0,131.0,1.5,105.21,2022,4,0,1,850.5
2022-04-13,12.0,0.0,67.0,211.0,1.0,247.28,2022,4,0,1,804.0
2022-04-13,12.0,0.0,67.0,211.0,1.0,247.28,2022,4,0,1,804.0
2022-04-14,14.8,0.0,59.0,282.0,1.3,459.95,2022,4,0,1,873.2
2022-04-14,14.8,0.0,59.0,282.0,1.3,459.95,2022,4,0,1,873.2
2022-04-15,16.6,0.0,60.0,278.0,1.0,574.94,2022,4,0,1,996.0000000000001
2022-04-15,16.6,0.0,60.0,278.0,1.0,574.94,2022,4,0,1,996.0000000000001
2022-04-16,16.3,0.0,59.0,334.0,0.9,619.7,2022,4,1,1,961.7
2022-04-16,16.3,0.0,59.0,334.0,0.9,619.7,2022,4,1,1,961.7
2022-04-17,11.720689655172412,,,236.0344827586207,1.6862068965517245,1025.65,2022,4,1,1,
2022-04-17,11.720689655172412,,,236.0344827586207,1.6862068965517245,1025.65,2022,4,1,1,
2022-04-18,22.3,0.0,36.0,423.0,1.9,505.55,2022,4,0,1,802.8000000000001
2022-04-18,22.3,0.0,36.0,423.0,1.9,505.55,2022,4,0,1,802.8000000000001
2022-04-19,13.5,0.04,63.0,217.0,1.3,127.15,2022,4,0,1,850.5
2022-04-19,13.5,0.04,63.0,217.0,1.3,127.15,2022,4,0,1,850.5
2022-04-21,10.6,0.0,53.0,302.0,2.0,334.26,2022,4,0,1,561.8
2022-04-21,10.6,0.0,53.0,302.0,2.0,334.26,2022,4,0,1,561.8
2022-04-23,7.2,0.15,84.0,188.0,3.4,170.88,2022,4,1,1,604.8000000000001
2022-04-23,7.2,0.15,84.0,188.0,3.4,170.88,2022,4,1,1,604.8000000000001
2022-04-24,11.0,0.0,62.0,307.0,1.6,1075.54,2022,4,1,1,682.0
2022-04-24,11.0,0.0,62.0,307.0,1.6,1075.54,2022,4,1,1,682.0
2022-04-25,13.5,0.0,57.0,316.0,1.0,348.4,2022,4,0,1,769.5
2022-04-25,13.5,0.0,57.0,316.0,1.0,348.4,2022,4,0,1,769.5
2022-04-26,13.4,0.4,68.0,202.0,1.1,221.43,2022,4,0,1,911.2
2022-04-26,13.4,0.4,68.0,202.0,1.1,221.43,2022,4,0,1,911.2
2022-04-27,12.6,0.47,83.0,177.0,1.1,113.05,2022,4,0,1,1045.8
2022-04-27,12.6,0.47,83.0,177.0,1.1,113.05,2022,4,0,1,1045.8
2022-04-28,11.9,0.04,84.0,160.0,1.1,162.82,2022,4,0,1,999.6
2022-04-28,11.9,0.04,84.0,160.0,1.1,162.82,2022,4,0,1,999.6
2022-04-29,16.5,0.0,57.0,300.0,1.2,648.78,2022,4,0,1,940.5
2022-04-29,16.5,0.0,57.0,300.0,1.2,648.78,2022,4,0,1,940.5
2022-04-30,16.9,0.2,66.0,224.0,1.0,706.65,2022,4,1,1,1115.3999999999999
2022-04-30,16.9,0.2,66.0,224.0,1.0,706.65,2022,4,1,1,1115.3999999999999
2022-05-01,18.6,0.0,57.0,307.0,1.6,1438.25,2022,5,1,1,1060.2
2022-05-04,15.0,0.0,60.0,265.0,2.1,290.07,2022,5,0,1,900.0
2022-05-05,16.5,0.0,52.0,329.0,1.1,507.62,2022,5,0,1,858.0
2022-05-06,17.0,0.0,44.0,330.0,1.1,891.69,2022,5,0,1,748.0
2022-05-07,17.4,0.0,45.0,334.0,1.4,1033.91,2022,5,1,1,782.9999999999999
2022-05-08,19.2,0.0,42.0,330.0,1.1,1358.96,2022,5,1,1,806.4
2022-05-09,20.7,0.0,42.0,327.0,1.0,295.8,2022,5,0,1,869.4
2022-05-10,21.2,0.0,45.0,327.0,1.2,577.15,2022,5,0,1,954.0
2022-05-11,22.0,0.0,46.0,318.0,1.3,487.65,2022,5,0,1,1012.0
2022-05-12,21.7,0.0,40.0,294.0,1.4,480.3,2022,5,0,1,868.0
2022-05-13,21.7,0.0,45.0,330.0,1.2,880.15,2022,5,0,1,976.5
2022-05-14,21.3,0.01,52.0,253.0,1.0,865.75,2022,5,1,1,1107.6000000000001
2022-05-15,19.4,0.0,55.0,281.0,2.0,1154.62,2022,5,1,1,1067.0
2022-05-16,18.9,0.0,54.0,331.0,1.6,794.6,2022,5,0,1,1020.5999999999999
2022-05-17,20.5,0.0,51.0,336.0,1.6,507.9,2022,5,0,1,1045.5
2022-05-18,23.3,0.0,46.0,323.0,1.1,487.81,2022,5,0,1,1071.8
2022-05-19,25.4,0.0,39.0,310.0,1.9,532.81,2022,5,0,1,990.5999999999999
2022-05-20,26.2,0.0,34.0,245.0,1.7,912.41,2022,5,0,1,890.8
2022-05-21,26.4,0.0,36.0,257.0,1.3,715.52,2022,5,1,1,950.4
2022-05-22,22.6,0.0,45.0,289.0,2.5,879.3,2022,5,1,1,1017.0000000000001
2022-05-24,17.3,0.0,46.0,205.0,1.6,273.3,2022,5,0,1,795.8000000000001
2022-05-26,18.7,0.0,41.0,350.0,1.8,531.52,2022,5,0,1,766.6999999999999
2022-05-27,23.5,0.0,32.0,351.0,1.3,807.86,2022,5,0,1,752.0
2022-05-28,24.8,0.0,31.0,347.0,1.3,916.21,2022,5,1,1,768.8000000000001
2022-05-29,23.4,0.0,36.0,325.0,2.0,1093.14,2022,5,1,1,842.4
2022-05-31,21.6,0.0,44.0,346.0,1.6,602.31,2022,5,0,1,950.4000000000001
2022-06-01,22.4,0.0,37.0,336.0,2.2,642.17,2022,6,0,1,828.8
2022-06-02,21.5,0.0,48.0,285.0,1.7,546.65,2022,6,0,1,1032.0
2022-06-03,21.2,0.0,44.0,339.0,1.9,810.61,2022,6,0,1,932.8
2022-06-04,20.2,0.0,44.0,339.0,2.0,915.11,2022,6,1,1,888.8
2022-06-05,21.6,0.0,41.0,359.0,1.6,1228.1,2022,6,1,1,885.6
2022-06-06,23.4,0.0,37.0,315.0,1.8,178.15,2022,6,0,1,865.8
2022-06-07,25.1,0.0,38.0,348.0,1.8,618.83,2022,6,0,1,953.8000000000001
2022-06-08,24.0,0.0,43.0,290.0,2.1,575.55,2022,6,0,1,1032.0
2022-06-09,25.8,0.0,43.0,348.0,1.5,708.9,2022,6,0,1,1109.4
2022-06-10,27.9,0.0,29.0,349.0,1.3,936.22,2022,6,0,1,809.0999999999999
2022-06-11,29.4,0.0,32.0,333.0,1.6,1071.49,2022,6,1,1,940.8
2022-06-12,29.3,0.0,26.0,264.0,1.5,1002.17,2022,6,1,1,761.8000000000001
2022-06-14,30.6,0.0,25.0,313.0,1.5,728.32,2022,6,0,1,765.0
2022-06-15,30.7,0.0,26.0,271.0,1.5,724.35,2022,6,0,1,798.1999999999999
2022-06-16,30.9,0.0,28.0,248.0,1.6,675.62,2022,6,0,1,865.1999999999999
2022-06-17,30.6,0.0,31.0,307.0,1.9,887.76,2022,6,0,1,948.6
2022-06-18,31.0,0.0,24.0,301.0,2.1,1000.93,2022,6,1,1,744.0
2022-06-19,22.3,0.0,42.0,349.0,2.8,1180.12,2022,6,1,1,936.6
2022-06-20,21.6,0.0,44.0,283.0,2.3,308.15,2022,6,0,1,950.4000000000001
2022-06-21,20.5,0.0,37.0,322.0,1.9,481.94,2022,6,0,1,758.5
2022-06-22,18.3,0.0,47.0,332.0,3.2,540.35,2022,6,0,1,860.1
2022-06-23,18.6,0.0,57.0,246.0,2.7,527.95,2022,6,0,1,1060.2
2022-06-24,19.6,0.0,50.0,353.0,2.0,845.5,2022,6,0,1,980.0000000000001
2022-06-25,20.5,0.0,44.0,352.0,2.6,928.21,2022,6,1,1,902.0
2022-06-26,21.2,0.0,30.0,360.0,2.2,1336.75,2022,6,1,1,636.0
2022-06-27,22.2,0.0,34.0,311.0,1.3,469.5,2022,6,0,1,754.8
2022-06-28,23.5,0.0,36.0,356.0,1.5,692.05,2022,6,0,1,846.0
2022-06-29,24.6,0.0,28.0,354.0,2.1,747.6,2022,6,0,1,688.8000000000001
2022-06-30,23.5,0.0,32.0,337.0,1.9,649.6,2022,6,0,1,752.0
2022-07-01,24.1,0.0,37.0,352.0,1.5,773.59,2022,7,0,1,891.7
2022-07-02,28.2,0.0,44.0,343.0,1.9,893.75,2022,7,1,1,1240.8
2022-07-03,28.5,0.0,40.0,330.0,2.2,927.9,2022,7,1,1,1140.0
2022-07-04,27.3,0.0,32.0,353.0,1.6,507.45,2022,7,0,1,873.6
2022-07-05,27.4,0.0,26.0,356.0,1.7,490.25,2022,7,0,1,712.4
2022-07-06,25.0,0.5,47.0,276.0,2.0,508.21,2022,7,0,1,1175.0
2022-07-07,24.7,0.0,39.0,357.0,1.9,648.7,2022,7,0,1,963.3
2022-07-08,26.9,0.0,32.0,356.0,1.5,794.22,2022,7,0,1,860.8
2022-07-09,29.3,0.0,30.0,348.0,1.3,681.22,2022,7,1,1,879.0
2022-07-10,30.6,0.0,26.0,347.0,1.4,870.46,2022,7,1,1,795.6
2022-07-11,30.1,0.0,27.0,278.0,1.4,399.85,2022,7,0,1,812.7
2022-07-13,31.8,0.0,26.0,305.0,1.3,652.87,2022,7,0,1,826.8000000000001
2022-07-14,33.8,0.0,19.0,321.0,1.6,470.15,2022,7,0,1,642.1999999999999
2022-07-15,32.7,0.0,18.0,337.0,1.7,562.1,2022,7,0,1,588.6
2022-07-16,32.5,0.0,22.0,333.0,1.7,491.1,2022,7,1,1,715.0
2022-07-17,31.9,0.0,23.0,333.0,1.7,706.95,2022,7,1,1,733.6999999999999
2022-07-18,32.1,0.0,24.0,333.0,2.0,307.45,2022,7,0,1,770.4000000000001
2022-07-19,28.2,0.0,26.0,352.0,2.8,477.65,2022,7,0,1,733.1999999999999
2022-07-20,28.5,0.0,25.0,343.0,1.1,451.75,2022,7,0,1,712.5
2022-07-21,30.5,0.0,29.0,335.0,1.5,480.2,2022,7,0,1,884.5
2022-07-22,30.2,0.0,27.0,317.0,1.9,566.85,2022,7,0,1,815.4
2022-07-23,28.6,0.0,20.0,350.0,1.9,525.55,2022,7,1,1,572.0
2022-07-24,29.2,0.0,20.0,331.0,2.2,396.5,2022,7,1,1,584.0
2022-07-26,28.6,0.0,31.0,324.0,1.5,398.67,2022,7,0,1,886.6
2022-07-27,28.4,0.0,36.0,323.0,1.7,291.0,2022,7,0,1,1022.4
2022-07-28,28.9,0.0,26.0,334.0,1.9,538.0,2022,7,0,1,751.4
2022-07-29,29.0,0.0,29.0,335.0,1.8,673.8,2022,7,0,1,841.0
2022-07-30,27.3,0.13,46.0,287.0,1.6,551.48,2022,7,1,1,1255.8
2022-07-31,28.7,0.0,46.0,317.0,1.2,622.35,2022,7,1,1,1320.2
2022-08-01,31.2,0.0,33.0,309.0,1.2,319.85,2022,8,0,1,1029.6
2022-08-02,30.7,0.17,37.0,295.0,1.5,417.05,2022,8,0,1,1135.8999999999999
2022-08-03,29.5,0.0,39.0,315.0,1.6,329.05,2022,8,0,1,1150.5
2022-08-04,29.9,0.0,31.0,324.0,1.7,297.5,2022,8,0,1,926.9
2022-08-05,30.4,0.0,29.0,319.0,1.7,344.6,2022,8,0,1,881.5999999999999
2022-08-06,29.7,0.0,29.0,314.0,1.6,461.7,2022,8,1,1,861.3
2022-08-07,29.7,0.0,30.0,318.0,1.7,609.25,2022,8,1,1,891.0
2022-08-08,28.7,0.0,30.0,314.0,1.3,412.2,2022,8,0,1,861.0
2022-08-09,29.8,0.0,30.0,310.0,1.5,434.45,2022,8,0,1,894.0
2022-08-10,30.9,0.0,30.0,276.0,2.1,305.2,2022,8,0,1,927.0
2022-08-11,30.1,0.0,33.0,270.0,1.8,483.6,2022,8,0,1,993.3000000000001
2022-08-12,29.7,0.0,33.0,286.0,1.6,415.62,2022,8,0,1,980.1
2022-08-16,23.6,0.0,32.0,285.0,2.4,263.3,2022,8,0,1,755.2
2022-08-17,21.4,0.04,45.0,249.0,1.3,321.8,2022,8,0,1,962.9999999999999
2022-08-18,21.9,0.01,42.0,309.0,1.5,443.25,2022,8,0,1,919.8
2022-08-19,23.6,0.0,38.0,310.0,1.3,367.33,2022,8,0,1,896.8000000000001
2022-08-20,26.3,0.0,31.0,304.0,1.4,558.35,2022,8,1,1,815.3000000000001
2022-08-21,27.3,0.0,28.0,293.0,1.4,509.45,2022,8,1,1,764.4
2022-08-22,28.1,0.0,34.0,294.0,1.3,324.25,2022,8,0,1,955.4000000000001
2022-08-23,28.7,0.0,36.0,287.0,1.4,429.35,2022,8,0,1,1033.2
2022-08-24,28.1,0.0,36.0,236.0,1.3,287.35,2022,8,0,1,1011.6
2022-08-25,27.6,0.16,36.0,264.0,1.4,343.32,2022,8,0,1,993.6
2022-08-26,25.6,0.0,47.0,218.0,1.7,557.25,2022,8,0,1,1203.2
2022-08-27,25.3,0.0,47.0,265.0,1.1,606.75,2022,8,1,1,1189.1000000000001
2022-08-28,27.4,0.0,43.0,276.0,2.0,738.9,2022,8,1,1,1178.2
2022-08-29,27.1,0.05,48.0,256.0,2.2,421.6,2022,8,0,1,1300.8000000000002
2022-08-30,26.3,0.0,36.0,282.0,2.2,492.54,2022,8,0,1,946.8000000000001
2022-08-31,25.6,0.0,29.0,285.0,2.4,461.6,2022,8,0,1,742.4000000000001
2022-09-01,24.1,0.0,29.0,282.0,1.8,563.31,2022,9,0,0,698.9000000000001
2022-09-02,23.2,0.0,35.0,262.0,2.2,652.24,2022,9,0,0,812.0
2022-09-03,22.0,0.0,43.0,264.0,1.8,840.24,2022,9,1,0,946.0
2022-09-04,21.7,0.0,34.0,281.0,1.7,801.23,2022,9,1,0,737.8
2022-09-05,20.7,0.0,37.0,276.0,2.0,454.73,2022,9,0,0,765.9
2022-09-06,21.4,0.0,48.0,272.0,2.4,394.35,2022,9,0,0,1027.1999999999998
2022-09-07,20.5,0.0,40.0,221.0,2.1,468.37,2022,9,0,0,820.0
2022-09-08,22.7,0.0,48.0,240.0,1.4,458.92,2022,9,0,0,1089.6
2022-09-09,25.0,0.0,47.0,264.0,1.4,643.5,2022,9,0,0,1175.0
2022-09-10,25.7,0.0,37.0,259.0,1.4,821.06,2022,9,1,0,950.9
2022-09-11,26.2,0.0,38.0,251.0,1.2,940.8,2022,9,1,0,995.6
2022-09-12,25.2,0.01,44.0,98.0,2.0,207.85,2022,9,0,0,1108.8
2022-09-14,19.1,0.0,69.0,179.0,1.7,267.93,2022,9,0,0,1317.9
2022-09-16,20.9,0.0,66.0,208.0,0.8,641.69,2022,9,0,0,1379.3999999999999
2022-09-17,21.8,0.0,49.0,240.0,1.0,743.85,2022,9,1,0,1068.2
2022-09-18,23.4,0.0,48.0,226.0,1.3,827.52,2022,9,1,0,1123.1999999999998
2022-09-19,22.8,0.0,61.0,146.0,1.3,281.65,2022,9,0,0,1390.8
2022-09-20,21.2,0.51,70.0,164.0,1.2,327.75,2022,9,0,0,1484.0
2022-09-21,21.9,0.0,57.0,215.0,1.2,341.95,2022,9,0,0,1248.3
2022-09-22,21.6,0.0,57.0,202.0,1.2,277.1,2022,9,0,0,1231.2
2022-09-23,21.8,0.0,49.0,211.0,1.7,784.44,2022,9,0,0,1068.2
2022-09-24,19.8,0.0,43.0,207.0,1.3,628.74,2022,9,1,0,851.4
2022-09-25,16.1,0.0,46.0,201.0,1.7,392.95,2022,9,1,0,740.6
2022-09-27,16.1,0.0,49.0,225.0,1.2,264.1,2022,9,0,0,788.9000000000001
2022-09-28,17.1,0.0,50.0,181.0,1.5,289.19,2022,9,0,0,855.0000000000001
2022-09-29,14.0,0.05,65.0,67.0,1.7,78.9,2022,9,0,0,910.0
2022-09-30,14.6,0.0,51.0,220.0,1.2,332.36,2022,9,0,0,744.6
2022-10-01,15.5,0.0,52.0,215.0,0.9,471.7,2022,10,1,0,806.0
2022-10-02,18.2,0.0,42.0,220.0,0.9,781.04,2022,10,1,0,764.4
2022-10-03,19.5,0.0,34.0,161.0,0.8,171.5,2022,10,0,0,663.0
2022-10-04,20.4,0.0,41.0,186.0,0.9,251.65,2022,10,0,0,836.4
2022-10-05,20.1,0.0,47.0,187.0,0.9,369.95,2022,10,0,0,944.7
2022-10-06,20.2,0.0,55.0,166.0,1.1,286.98,2022,10,0,0,1111.0
2022-10-07,18.3,0.0,62.0,161.0,0.8,430.34,2022,10,0,0,1134.6000000000001
2022-10-08,18.3,0.0,59.0,182.0,1.0,446.05,2022,10,1,0,1079.7
2022-10-09,19.3,0.0,60.0,170.0,1.0,842.58,2022,10,1,0,1158.0
2022-10-10,16.5,0.03,76.0,107.0,0.9,114.6,2022,10,0,0,1254.0
2022-10-11,17.6,0.01,76.0,122.0,0.8,271.58,2022,10,0,0,1337.6000000000001
2022-10-12,17.7,0.0,70.0,182.0,1.0,825.43,2022,10,1,0,1239.0
2022-10-13,17.8,0.0,63.0,167.0,1.0,231.01,2022,10,0,0,1121.4
2022-10-14,18.5,0.0,58.0,173.0,1.0,491.27,2022,10,0,0,1073.0
2022-10-15,18.3,0.0,56.0,180.0,1.2,519.25,2022,10,1,0,1024.8
2022-10-16,18.0,0.0,57.0,128.0,1.0,629.71,2022,10,1,0,1026.0
2022-10-18,19.8,0.0,62.0,165.0,1.0,307.27,2022,10,0,0,1227.6000000000001
2022-10-19,18.8,0.0,57.0,87.0,2.3,123.0,2022,10,0,0,1071.6000000000001
2022-10-20,15.6,0.12,69.0,20.0,2.1,74.26,2022,10,0,0,1076.3999999999999
2022-10-22,16.0,0.25,83.0,120.0,2.0,263.29,2022,10,1,0,1328.0
2022-10-23,15.3,0.03,85.0,81.0,2.1,220.01,2022,10,1,0,1300.5
2022-10-24,14.6,0.0,84.0,74.0,0.6,143.52,2022,10,0,0,1226.3999999999999
2022-10-25,16.8,0.0,68.0,131.0,1.2,230.21,2022,10,0,0,1142.4
2022-10-26,17.2,0.0,69.0,106.0,0.9,205.55,2022,10,0,0,1186.8
2022-10-27,18.9,0.0,55.0,115.0,0.8,202.21,2022,10,0,0,1039.5
2022-10-28,17.8,0.0,58.0,114.0,0.7,243.25,2022,10,0,0,1032.4
2022-10-29,17.6,0.0,54.0,137.0,0.8,389.59,2022,10,1,0,950.4000000000001
2022-10-30,14.9,0.0,69.0,75.0,0.7,355.03,2022,10,1,0,1028.1000000000001
2022-10-31,12.9,0.03,86.0,31.0,0.7,100.85,2022,10,0,0,1109.4
2022-11-01,15.6,0.0,75.0,115.0,0.9,244.36,2022,11,1,0,1170.0
2022-11-02,14.5,0.0,72.0,134.0,0.8,178.0,2022,11,0,0,1044.0
2022-11-03,12.9,0.05,80.0,93.0,2.3,80.92,2022,11,0,0,1032.0
2022-11-04,12.0,0.0,62.0,136.0,1.1,273.03,2022,11,0,0,744.0
2022-11-05,9.0,0.0,67.0,143.0,0.8,248.5,2022,11,1,0,603.0
2022-11-06,10.1,0.0,68.0,138.0,0.9,292.0,2022,11,1,0,686.8
2022-11-11,11.5,0.03,78.0,85.0,1.0,138.19,2022,11,0,0,897.0
2022-11-12,13.7,0.15,78.0,80.0,1.7,243.26,2022,11,1,0,1068.6
2022-11-13,13.4,0.0,78.0,95.0,0.8,486.01,2022,11,1,0,1045.2
2022-11-15,12.9,0.17,91.0,58.0,2.8,98.95,2022,11,0,0,1173.9
2022-11-16,11.4,0.13,96.0,42.0,2.8,108.54,2022,11,0,0,1094.4
2022-11-17,13.7,0.02,91.0,73.0,3.6,162.81,2022,11,0,0,1246.7
2022-11-18,10.0,0.01,76.0,101.0,2.1,201.22,2022,11,0,0,760.0
2022-11-19,7.9,0.0,62.0,106.0,1.7,150.74,2022,11,1,0,489.8
2022-11-20,10.5,0.0,76.0,117.0,1.7,359.96,2022,11,1,0,798.0
2022-11-22,7.6,0.06,81.0,43.0,3.2,61.21,2022,11,0,0,615.6
2022-11-23,13.4,0.0,93.0,97.0,3.5,104.34,2022,11,0,0,1246.2
2022-11-24,11.5,0.18,95.0,37.0,1.5,134.83,2022,11,0,0,1092.5
2022-11-25,10.7,0.01,74.0,122.0,1.2,91.94,2022,11,0,0,791.8
2022-11-26,6.2,0.0,79.0,104.0,0.6,358.35,2022,11,1,0,489.8
2022-11-27,7.3,0.03,78.0,105.0,0.7,353.34,2022,11,1,0,569.4
2022-11-28,8.6,0.15,66.0,112.0,2.0,41.41,2022,11,0,0,567.6
2022-11-29,6.9,0.0,71.0,102.0,0.7,67.21,2022,11,0,0,489.90000000000003
2022-11-30,6.9,0.0,76.0,86.0,0.7,96.11,2022,11,0,0,524.4
2022-12-01,7.6,,66.0,110.0,1.2,116.32,2022,12,0,0,501.59999999999997
2022-12-02,5.3,,72.0,77.0,0.8,43.18,2022,12,0,0,381.59999999999997
2022-12-07,9.7,,92.0,44.0,0.5,113.56,2022,12,0,0,892.4
2022-12-08,8.9,,99.0,20.0,1.3,102.13,2022,12,1,0,881.1
2022-12-09,9.3,,97.0,25.0,0.8,102.71,2022,12,0,0,902.1
2022-12-10,9.0,,89.0,90.0,1.5,117.98,2022,12,1,0,801.0
2022-12-11,7.2,,95.0,29.0,1.1,127.42,2022,12,1,0,684.0
2022-12-13,13.3,,99.0,21.0,2.5,122.75,2022,12,0,0,1316.7
2022-12-14,11.2,,96.0,45.0,1.4,148.48,2022,12,0,0,1075.1999999999998
2022-12-15,8.8,,94.0,54.0,2.2,50.1,2022,12,0,0,827.2
2022-12-16,8.4,,92.0,53.0,0.8,114.79,2022,12,0,0,772.8000000000001
2022-12-17,9.8,,88.0,49.0,0.7,155.85,2022,12,1,0,862.4000000000001
2022-12-18,7.9,,92.0,45.0,0.6,220.74,2022,12,1,0,726.8000000000001
2022-12-20,7.1,,98.0,23.0,0.6,72.73,2022,12,0,0,695.8
2022-12-21,10.4,,95.0,67.0,2.0,157.05,2022,12,0,0,988.0
2022-12-23,11.0,,95.0,33.0,1.1,244.54,2022,12,0,0,1045.0
2022-12-24,9.4,,93.0,37.0,0.7,383.14,2022,12,1,0,874.2
2022-12-26,9.5,,81.0,95.0,0.7,115.12,2022,12,0,0,769.5
2022-12-27,8.1,,84.0,92.0,0.7,82.43,2022,12,0,0,680.4
2022-12-28,7.3,,85.0,93.0,1.1,175.41,2022,12,0,0,620.5
2022-12-29,9.9,,89.0,57.0,2.4,82.47,2022,12,0,0,881.1
2022-12-31,8.1,,74.0,94.0,0.7,293.06,2022,12,1,0,599.4
2023-02-01,4.1,0.0,67.0,138.0,0.9,51.45,2023,2,0,0,274.7
2023-02-02,6.0,0.0,64.0,136.0,0.7,101.45,2023,2,0,0,384.0
2023-02-03,5.9,0.0,60.0,141.0,0.7,85.83,2023,2,0,0,354.0
2023-02-05,7.1,0.0,47.0,148.0,0.8,472.33,2023,2,1,0,333.7
2023-02-06,4.8,0.0,59.0,150.0,1.7,155.52,2023,2,0,0,283.2
2023-02-07,4.7,0.05,69.0,83.0,1.0,89.35,2023,2,0,0,324.3
2023-02-08,6.0,0.0,68.0,71.0,1.3,121.11,2023,2,0,0,408.0
2023-02-09,6.7,0.0,68.0,104.0,0.8,100.66,2023,2,0,0,455.6
2023-02-10,5.2,0.0,63.0,138.0,1.0,278.08,2023,2,0,0,327.6
2023-02-11,4.9,0.0,62.0,153.0,1.6,267.65,2023,2,1,0,303.8
2023-02-12,5.8,0.0,65.0,138.0,1.2,305.5,2023,2,1,0,377.0
2023-02-14,7.0,0.0,70.0,101.0,1.4,127.19,2023,2,0,0,490.0
2023-02-15,8.9,0.0,64.0,140.0,1.0,178.45,2023,2,0,0,569.6
2023-02-16,7.2,0.0,61.0,164.0,0.8,174.38,2023,2,0,0,439.2
2023-02-17,8.0,0.0,49.0,169.0,1.0,274.15,2023,2,0,0,392.0
2023-02-18,8.2,0.0,49.0,85.0,0.7,241.79,2023,2,1,0,401.79999999999995
2023-02-19,11.7,0.0,55.0,138.0,0.9,616.71,2023,2,1,0,643.5
2023-02-20,12.7,0.0,49.0,117.0,1.2,105.6,2023,2,0,0,622.3
2023-02-21,11.5,0.0,53.0,137.0,1.0,210.31,2023,2,0,0,609.5
2023-02-22,9.8,0.0,67.0,331.0,1.0,85.97,2023,2,0,0,656.6
2023-02-23,6.2,0.0,72.0,101.0,2.0,180.68,2023,2,0,0,446.40000000000003
2023-02-24,3.4,0.0,62.0,187.0,1.0,119.86,2023,2,0,0,210.79999999999998
2023-02-25,3.1,0.0,66.0,166.0,1.1,184.67,2023,2,1,0,204.6
2023-02-26,4.2,0.0,64.0,181.0,1.0,499.63,2023,2,1,0,268.8
2023-02-27,2.6,0.0,42.0,169.0,1.4,112.35,2023,2,0,0,109.2
2023-02-28,2.1,0.0,51.0,196.0,1.1,70.91,2023,2,0,0,107.10000000000001
2023-03-01,1.1,0.0,53.0,161.0,0.9,86.6,2023,3,0,1,58.300000000000004
2023-03-06,8.1,0.0,83.0,174.0,2.0,88.86,2023,3,0,1,672.3
2023-03-07,10.6,0.01,80.0,171.0,2.8,137.81,2023,3,0,1,848.0
2023-03-08,12.4,0.07,80.0,124.0,3.1,114.35,2023,3,0,1,992.0
2023-03-09,13.2,0.49,79.0,167.0,2.8,158.1,2023,3,0,1,1042.8
2023-03-10,12.9,0.0,70.0,195.0,2.3,400.76,2023,3,0,1,903.0
2023-03-11,13.7,0.0,78.0,186.0,1.9,657.3,2023,3,1,1,1068.6
2023-03-12,15.6,0.0,68.0,203.0,1.1,972.3,2023,3,1,1,1060.8
2023-03-14,11.5,0.0,51.0,219.0,1.7,216.72,2023,3,0,1,586.5
2023-03-15,11.6,0.0,57.0,225.0,0.7,245.43,2023,3,0,1,661.1999999999999
2023-03-16,12.7,0.0,57.0,133.0,0.9,297.34,2023,3,0,1,723.9
2023-03-17,13.0,0.0,59.0,215.0,3.2,259.13,2023,3,0,1,767.0
2023-03-18,10.4,0.0,71.0,191.0,1.6,372.27,2023,3,1,1,738.4
2023-03-19,12.0,0.0,57.0,240.0,0.9,784.1,2023,3,1,1,684.0
2023-03-20,11.7,0.0,56.0,228.0,1.0,530.98,2023,3,0,1,655.1999999999999
2023-03-21,12.8,0.0,55.0,233.0,1.0,283.22,2023,3,0,1,704.0
2023-03-22,13.6,0.0,51.0,241.0,1.4,301.21,2023,3,0,1,693.6
2023-03-23,13.8,0.0,47.0,225.0,1.8,327.48,2023,3,0,1,648.6
2023-03-24,12.9,0.0,68.0,168.0,1.9,387.5,2023,3,0,1,877.2
2023-03-25,13.1,0.0,69.0,241.0,1.9,659.67,2023,3,1,1,903.9
2023-03-26,14.2,0.0,50.0,275.0,2.1,1083.77,2023,3,1,1,710.0
2023-03-29,15.5,0.0,43.0,254.0,1.3,541.76,2023,3,0,1,666.5
2023-03-30,15.9,0.0,51.0,229.0,2.7,418.5,2023,3,0,1,810.9
2023-03-31,15.0,0.0,60.0,215.0,2.9,319.79,2023,3,0,1,900.0
2023-04-01,13.7,0.0,51.0,242.0,2.4,541.51,2023,4,1,1,698.6999999999999
2023-04-02,11.7,0.0,41.0,280.0,1.2,929.07,2023,4,1,1,479.7
2023-04-04,13.0,0.0,28.0,291.0,2.0,419.61,2023,4,0,1,364.0
2023-04-05,13.0,0.0,21.0,291.0,1.2,381.0,2023,4,0,1,273.0
2023-04-06,15.2,0.0,24.0,282.0,1.0,412.55,2023,4,0,1,364.79999999999995
2023-04-07,15.8,0.0,27.0,284.0,1.3,559.81,2023,4,0,1,426.6
2023-04-08,16.2,0.0,34.0,282.0,1.1,503.38,2023,4,1,1,550.8
2023-04-09,17.6,0.0,35.0,263.0,1.4,913.64,2023,4,1,1,616.0
2023-04-11,18.5,0.0,39.0,285.0,1.8,280.65,2023,4,0,1,721.5
2023-04-12,14.9,0.0,52.0,218.0,2.0,232.8,2023,4,0,1,774.8000000000001
2023-04-13,11.1,0.0,41.0,297.0,2.0,234.45,2023,4,0,1,455.09999999999997
2023-04-14,13.7,0.0,52.0,227.0,2.3,313.95,2023,4,0,1,712.4
2023-04-15,16.4,0.0,45.0,293.0,1.7,912.85,2023,4,1,1,737.9999999999999
2023-04-16,17.4,0.0,40.0,300.0,1.6,1329.75,2023,4,1,1,696.0
2023-04-18,15.9,0.0,33.0,305.0,1.4,477.25,2023,4,0,1,524.7
2023-04-19,16.9,0.0,42.0,290.0,1.4,382.6,2023,4,0,1,709.8
2023-04-20,18.5,0.0,36.0,298.0,1.6,553.0,2023,4,0,1,666.0
2023-04-21,18.2,0.0,39.0,257.0,2.2,637.35,2023,4,0,1,709.8
2023-04-22,15.3,0.26,61.0,273.0,2.1,1017.5,2023,4,1,1,933.3000000000001
2023-04-23,16.3,0.0,48.0,310.0,1.9,1417.55,2023,4,1,1,782.4000000000001
2023-04-25,21.0,0.0,45.0,308.0,1.5,518.8,2023,4,0,1,945.0
2023-04-26,21.4,0.0,38.0,305.0,1.7,367.3,2023,4,0,1,813.1999999999999
2023-04-27,22.1,0.0,34.0,287.0,1.3,729.25,2023,4,0,1,751.4000000000001
2023-04-28,22.8,0.0,36.0,220.0,1.2,879.95,2023,4,0,1,820.8000000000001
2023-04-29,21.5,0.01,41.0,176.0,1.4,735.4,2023,4,1,1,881.5
2023-04-30,19.6,0.0,46.0,255.0,1.2,854.35,2023,4,1,1,901.6
2023-05-03,21.6,0.0,32.0,276.0,1.6,483.1,2023,5,0,1,691.2
2023-05-04,19.4,0.0,41.0,325.0,3.1,358.25,2023,5,0,1,795.4
2023-05-05,18.9,0.0,37.0,327.0,1.6,793.1,2023,5,0,1,699.3
2023-05-06,19.1,0.0,35.0,330.0,1.7,1143.35,2023,5,1,1,668.5
2023-05-07,21.3,0.0,38.0,288.0,1.4,1884.6,2023,5,1,1,809.4
2023-05-09,22.6,0.0,40.0,315.0,1.9,462.6,2023,5,0,1,904.0
2023-05-10,19.0,0.0,39.0,321.0,1.4,486.3,2023,5,0,1,741.0
2023-05-11,15.9,0.0,40.0,327.0,1.7,484.3,2023,5,0,1,636.0
2023-05-12,13.6,0.0,43.0,273.0,1.7,365.25,2023,5,0,1,584.8
2023-05-13,14.1,0.0,43.0,328.0,1.6,866.0,2023,5,1,1,606.3
2023-05-14,15.0,0.0,44.0,241.0,1.2,899.75,2023,5,1,1,660.0
2023-05-16,15.9,0.0,37.0,324.0,1.5,287.8,2023,5,0,1,588.3000000000001
2023-05-17,15.4,0.0,31.0,347.0,2.7,352.8,2023,5,0,1,477.40000000000003
2023-05-18,15.2,0.0,35.0,340.0,2.4,432.8,2023,5,0,1,532.0
2023-05-19,14.9,0.0,36.0,314.0,2.1,473.35,2023,5,0,1,536.4
2023-05-20,14.5,0.0,39.0,267.0,1.6,909.4,2023,5,1,1,565.5
2023-05-21,15.1,0.15,51.0,237.0,1.7,782.75,2023,5,1,1,770.1
2023-05-23,16.8,0.15,68.0,254.0,2.2,193.25,2023,5,0,1,1142.4
2023-05-24,17.7,0.0,64.0,220.0,1.5,303.9,2023,5,0,1,1132.8
2023-05-25,17.7,0.23,66.0,244.0,1.5,333.85,2023,5,0,1,1168.2
2023-05-26,14.7,0.88,87.0,118.0,1.8,328.9,2023,5,0,1,1278.8999999999999
2023-05-27,17.0,0.41,75.0,215.0,1.4,660.25,2023,5,1,1,1275.0
2023-05-28,14.9,0.15,87.0,135.0,1.0,599.9,2023,5,1,1,1296.3
2023-05-30,16.1,0.01,80.0,238.0,1.1,252.85,2023,5,0,1,1288.0
2023-05-31,18.0,0.0,70.0,302.0,1.2,384.75,2023,5,0,1,1260.0
2023-06-01,17.4,0.09,70.0,237.0,1.2,366.5,2023,6,0,1,1218.0
2023-06-02,17.3,0.12,73.0,254.0,1.2,513.8,2023,6,0,1,1262.9
2023-06-03,18.2,0.47,70.0,315.0,1.3,1027.4,2023,6,1,1,1274.0
2023-06-04,20.0,0.0,63.0,296.0,1.1,1244.25,2023,6,1,1,1260.0
2023-06-06,22.0,0.0,58.0,336.0,1.1,603.9,2023,6,0,1,1276.0
2023-06-07,18.0,0.36,83.0,63.0,1.6,200.7,2023,6,0,1,1494.0
2023-06-08,17.8,0.08,87.0,123.0,1.7,267.6,2023,6,0,1,1548.6000000000001
2023-06-09,19.1,0.0,71.0,289.0,2.1,809.2,2023,6,0,1,1356.1000000000001
2023-06-10,21.2,0.0,64.0,321.0,1.6,992.65,2023,6,1,1,1356.8
2023-06-11,22.2,0.0,53.0,346.0,1.7,1301.65,2023,6,1,1,1176.6
2023-06-13,19.9,0.05,61.0,282.0,1.5,511.5,2023,6,0,1,1213.8999999999999
2023-06-14,21.5,0.0,55.0,268.0,1.0,647.8,2023,6,0,1,1182.5
2023-06-15,24.3,0.0,45.0,341.0,1.2,621.85,2023,6,0,1,1093.5
2023-06-16,25.9,0.0,42.0,331.0,1.3,1040.0,2023,6,0,1,1087.8
2023-06-17,26.8,0.0,46.0,307.0,1.7,881.65,2023,6,1,1,1232.8
2023-06-18,25.0,0.0,49.0,291.0,1.5,925.2,2023,6,1,1,1225.0
2023-06-20,22.6,0.0,55.0,288.0,1.9,493.5,2023,6,0,1,1243.0
2023-06-21,21.4,0.08,58.0,208.0,1.4,576.05,2023,6,0,1,1241.1999999999998
2023-06-22,22.2,0.0,63.0,317.0,1.1,973.65,2023,6,0,1,1398.6
2023-06-23,26.0,0.0,47.0,353.0,1.2,981.2,2023,6,0,1,1222.0
2023-06-24,27.6,0.0,43.0,353.0,1.2,1280.8,2023,6,1,1,1186.8
2023-06-25,29.2,0.0,40.0,330.0,1.3,1141.35,2023,6,1,1,1168.0
2023-06-27,29.2,0.0,40.0,304.0,1.2,698.3,2023,6,0,1,1168.0
2023-06-28,28.8,0.0,39.0,311.0,1.2,635.05,2023,6,0,1,1123.2
2023-06-29,27.0,0.0,36.0,341.0,1.8,528.05,2023,6,0,1,972.0
2023-06-30,22.9,0.0,43.0,358.0,2.1,743.3,2023,6,0,1,984.6999999999999
2023-07-01,25.4,0.0,40.0,345.0,1.4,926.35,2023,7,1,1,1016.0
2023-07-02,27.2,0.0,43.0,309.0,1.4,1094.9,2023,7,1,1,1169.6
2023-07-04,27.5,0.0,37.0,358.0,1.5,622.45,2023,7,0,1,1017.5
2023-07-05,26.7,0.0,30.0,281.0,1.4,574.9,2023,7,0,1,801.0
2023-07-06,27.1,0.0,40.0,342.0,2.0,572.1,2023,7,0,1,1084.0
2023-07-07,26.7,0.0,42.0,329.0,2.1,743.35,2023,7,0,1,1121.3999999999999
2023-07-08,26.0,0.0,31.0,360.0,1.9,801.25,2023,7,1,1,806.0
2023-07-09,26.6,0.0,30.0,340.0,1.5,944.25,2023,7,1,1,798.0
2023-07-11,30.2,0.0,27.0,349.0,2.1,693.8,2023,7,0,1,815.4
2023-07-12,27.1,0.0,28.0,284.0,1.8,738.35,2023,7,0,1,758.8000000000001
2023-07-13,28.1,0.0,33.0,347.0,1.5,442.0,2023,7,0,1,927.3000000000001
2023-07-14,28.4,0.0,35.0,351.0,2.1,708.05,2023,7,0,1,994.0
2023-07-15,25.5,0.0,39.0,356.0,3.0,906.95,2023,7,1,1,994.5
2023-07-16,26.1,0.0,33.0,350.0,1.5,960.65,2023,7,1,1,861.3000000000001
2023-07-18,30.9,0.0,30.0,297.0,1.9,365.85,2023,7,0,1,927.0
2023-07-19,31.1,0.0,25.0,328.0,2.5,524.4,2023,7,0,1,777.5
2023-07-20,28.2,0.0,23.0,350.0,2.5,509.5,2023,7,0,1,648.6
2023-07-21,26.2,0.0,33.0,307.0,2.0,689.3,2023,7,0,1,864.6
2023-07-22,25.5,0.0,37.0,275.0,1.3,724.2,2023,7,1,1,943.5
2023-07-23,26.2,0.0,30.0,337.0,1.7,1123.8,2023,7,1,1,786.0
2023-07-25,24.3,0.0,33.0,344.0,1.6,465.05,2023,7,0,1,801.9
2023-07-26,25.6,0.0,33.0,340.0,1.2,547.85,2023,7,0,1,844.8000000000001
2023-07-27,26.4,0.0,34.0,335.0,2.2,551.3,2023,7,0,1,897.5999999999999
2023-07-28,26.8,0.0,31.0,336.0,2.0,702.0,2023,7,0,1,830.8000000000001
2023-07-29,27.9,0.0,32.0,335.0,2.0,444.05,2023,7,1,1,892.8
2023-07-30,29.2,0.0,33.0,333.0,1.8,701.75,2023,7,1,1,963.6
2023-08-01,29.5,0.0,26.0,331.0,1.6,430.0,2023,8,0,1,767.0
2023-08-02,28.4,0.0,34.0,331.0,1.9,512.05,2023,8,0,1,965.5999999999999
2023-08-03,26.0,0.0,38.0,330.0,1.8,379.4,2023,8,0,1,988.0
2023-08-04,26.0,0.0,24.0,375.0,1.9,556.3,2023,8,0,1,624.0
2023-08-05,24.2,0.0,34.0,328.0,1.5,524.45,2023,8,1,1,822.8
2023-08-06,27.3,0.0,29.0,324.0,1.4,540.15,2023,8,1,1,791.7
2023-08-08,29.4,0.0,32.0,300.0,1.4,408.7,2023,8,0,1,940.8
2023-08-09,31.0,0.0,31.0,250.0,1.6,377.35,2023,8,0,1,961.0
2023-08-10,30.8,0.0,26.0,321.0,1.7,323.25,2023,8,0,1,800.8000000000001
2023-08-11,29.5,0.0,23.0,313.0,1.3,405.0,2023,8,0,1,678.5
2023-08-12,29.9,0.0,28.0,305.0,1.4,491.45,2023,8,1,1,837.1999999999999
2023-08-13,28.9,0.0,33.0,310.0,1.9,451.85,2023,8,1,1,953.6999999999999
2023-08-18,26.8,0.0,26.0,280.0,2.3,444.1,2023,8,0,1,696.8000000000001
2023-08-19,28.2,0.0,31.0,299.0,1.5,449.1,2023,8,1,1,874.1999999999999
2023-08-20,29.7,0.0,27.0,301.0,1.3,338.45,2023,8,1,1,801.9
2023-08-22,31.9,0.0,24.0,288.0,1.5,386.7,2023,8,0,1,765.5999999999999
2023-08-23,31.8,0.0,25.0,292.0,1.8,342.95,2023,8,0,1,795.0
2023-08-24,30.7,0.0,25.0,289.0,1.6,347.5,2023,8,0,1,767.5
2023-08-25,30.8,0.0,21.0,274.0,2.3,534.25,2023,8,0,1,646.8000000000001
2023-08-26,26.6,0.0,27.0,174.0,3.1,567.85,2023,8,1,1,718.2
2023-08-27,20.0,0.0,38.0,291.0,1.8,712.95,2023,8,1,1,760.0
2023-08-29,22.1,0.0,40.0,272.0,1.3,337.3,2023,8,0,1,884.0
2023-08-30,21.8,0.0,39.0,267.0,1.1,468.05,2023,8,0,1,850.2
2023-08-31,23.4,0.0,36.0,279.0,1.3,450.75,2023,8,0,1,842.4
2023-09-01,23.6,0.0,37.0,226.0,1.4,466.45,2023,9,0,0,873.2
2023-09-02,18.3,0.48,72.0,63.0,1.5,331.15,2023,9,1,0,1317.6000000000001
2023-09-05,21.9,0.0,69.0,244.0,1.0,557.7,2023,9,0,0,1511.1
2023-09-06,22.6,0.23,70.0,189.0,0.8,513.35,2023,9,0,0,1582.0
2023-09-07,23.8,0.0,64.0,198.0,1.1,502.5,2023,9,0,0,1523.2
2023-09-08,24.7,0.09,61.0,250.0,1.3,677.5,2023,9,0,0,1506.7
2023-09-09,22.8,0.08,70.0,171.0,1.4,583.9,2023,9,1,0,1596.0
2023-09-10,22.3,0.23,75.0,239.0,1.1,800.7,2023,9,1,0,1672.5
2023-09-12,20.5,0.0,64.0,186.0,0.9,377.05,2023,9,0,0,1312.0
2023-09-13,21.8,0.0,56.0,250.0,1.1,449.0,2023,9,0,0,1220.8
2023-09-14,22.4,0.0,62.0,174.0,1.0,438.05,2023,9,0,0,1388.8
2023-09-15,20.5,0.68,73.0,182.0,1.6,722.95,2023,9,0,0,1496.5
2023-09-16,18.8,0.0,79.0,119.0,1.3,359.15,2023,9,1,0,1485.2
2023-09-17,17.0,0.33,85.0,105.0,1.7,276.4,2023,9,1,0,1445.0
2023-09-19,18.1,0.0,71.0,213.0,0.8,370.7,2023,9,0,0,1285.1000000000001
2023-09-20,17.9,0.0,65.0,231.0,1.9,292.35,2023,9,0,0,1163.5
2023-09-22,15.8,0.0,54.0,223.0,1.4,421.9,2023,9,0,0,853.2
2023-09-23,15.9,0.0,59.0,234.0,0.8,691.7,2023,9,1,0,938.1
2023-09-24,18.0,0.0,58.0,232.0,0.7,904.85,2023,9,1,0,1044.0
2023-09-25,19.6,0.0,54.0,230.0,0.7,329.25,2023,9,0,0,1058.4
2023-09-26,20.0,0.0,57.0,217.0,0.7,355.0,2023,9,0,0,1140.0
2023-09-27,20.2,0.0,62.0,211.0,0.9,450.85,2023,9,0,0,1252.3999999999999
2023-09-28,20.6,0.0,63.0,215.0,1.0,387.3,2023,9,0,0,1297.8000000000002
2023-09-29,22.2,0.0,56.0,217.0,0.8,601.9,2023,9,0,0,1243.2
2023-09-30,22.7,0.0,56.0,212.0,0.7,821.1,2023,9,1,0,1271.2
2023-10-01,22.6,0.0,56.0,214.0,0.7,1001.15,2023,10,1,0,1265.6000000000001
2023-10-03,21.2,0.0,56.0,189.0,0.8,360.45,2023,10,0,0,1187.2
2023-10-04,21.7,0.0,60.0,196.0,0.8,486.25,2023,10,0,0,1302.0
2023-10-05,21.9,0.0,60.0,195.0,0.7,412.75,2023,10,0,0,1314.0
2023-10-07,21.7,0.0,47.0,195.0,0.5,532.4,2023,10,1,0,1019.9
2023-10-08,21.0,0.0,50.0,191.0,0.5,968.15,2023,10,1,0,1050.0
2023-10-09,21.1,0.0,49.0,182.0,0.6,255.45,2023,10,0,0,1033.9
2023-10-10,19.8,0.0,54.0,186.0,0.6,212.2,2023,10,0,0,1069.2
2023-10-11,19.1,0.0,55.0,192.0,0.6,341.3,2023,10,0,0,1050.5
2023-10-12,18.9,0.0,52.0,182.0,0.7,715.15,2023,10,1,0,982.8
2023-10-13,19.3,0.0,50.0,144.0,0.9,307.83,2023,10,0,0,965.0
2023-10-14,17.8,0.04,76.0,132.0,0.7,393.72,2023,10,1,0,1352.8
2023-10-15,16.3,0.03,81.0,128.0,0.7,596.17,2023,10,1,0,1320.3
2023-10-17,18.8,0.01,72.0,96.0,2.4,194.87,2023,10,0,0,1353.6000000000001
2023-10-18,16.8,0.04,84.0,125.0,3.4,123.89,2023,10,0,0,1411.2
2023-10-19,13.6,1.93,97.0,13.0,2.2,86.09,2023,10,0,0,1319.2
2023-10-20,12.0,0.01,81.0,133.0,2.8,184.72,2023,10,0,0,972.0
2023-10-21,11.5,0.0,68.0,177.0,1.2,244.51,2023,10,1,0,782.0
2023-10-22,11.5,0.55,80.0,92.0,1.2,272.73,2023,10,1,0,920.0
2023-10-23,11.7,0.16,91.0,93.0,1.7,118.57,2023,10,0,0,1064.7
2023-10-25,13.9,0.0,91.0,114.0,2.9,209.3,2023,10,0,0,1264.9
2023-10-26,15.1,0.07,90.0,64.0,3.3,148.44,2023,10,0,0,1359.0
2023-10-27,11.7,0.0,88.0,128.0,2.6,166.69,2023,10,0,0,1029.6
2023-10-28,13.4,0.0,84.0,105.0,3.0,161.96,2023,10,1,0,1125.6000000000001
2023-10-29,14.0,0.06,85.0,37.0,2.3,239.52,2023,10,1,0,1190.0
2023-11-02,11.8,0.24,82.0,83.0,4.0,186.19,2023,11,0,0,967.6
2023-11-03,9.2,0.0,85.0,81.0,2.8,143.82,2023,11,0,0,781.9999999999999
2023-11-04,11.1,0.03,92.0,44.0,3.8,203.71,2023,11,1,0,1021.1999999999999
2023-11-05,10.1,0.0,81.0,132.0,2.7,300.57,2023,11,1,0,818.1
2023-11-07,6.9,0.0,82.0,91.0,1.1,147.33,2023,11,0,0,565.8000000000001
2023-11-08,8.0,0.0,88.0,91.0,1.0,123.64,2023,11,0,0,704.0
2023-11-09,11.6,0.01,80.0,135.0,2.0,290.75,2023,11,0,0,928.0
2023-11-10,11.3,0.02,76.0,128.0,1.6,199.27,2023,11,0,0,858.8000000000001
2023-11-11,13.9,0.0,92.0,114.0,3.5,245.46,2023,11,1,0,1278.8
2023-11-12,14.7,0.0,87.0,123.0,2.2,525.7,2023,11,1,0,1278.8999999999999
2023-11-14,12.5,0.0,92.0,74.0,0.6,130.5,2023,11,0,0,1150.0
2023-11-15,12.3,0.0,91.0,74.0,0.6,100.0,2023,11,0,0,1119.3
2023-11-16,12.3,0.0,95.0,61.0,0.6,131.16,2023,11,0,0,1168.5
2023-11-17,13.4,0.0,90.0,102.0,0.6,220.5,2023,11,0,0,1206.0
2023-11-18,12.1,0.0,83.0,118.0,0.5,292.46,2023,11,1,0,1004.3
2023-11-19,11.9,0.0,81.0,117.0,0.5,271.52,2023,11,1,0,963.9
2023-11-21,9.3,0.0,69.0,114.0,0.8,115.19,2023,11,0,0,641.7
2023-11-22,6.9,0.0,71.0,47.0,0.8,144.0,2023,11,0,0,489.90000000000003
2023-11-23,10.982142857142858,0.0321428571428571,84.53571428571429,91.82142857142856,1.5642857142857145,120.74,2023,11,0,0,928.3832908163266
2023-11-24,10.982142857142858,0.0321428571428571,84.53571428571429,91.82142857142856,1.5642857142857145,127.52,2023,11,0,0,928.3832908163266
2023-11-25,12.8,0.0,59.0,167.0,0.7,230.01,2023,11,1,0,755.2
2023-11-26,8.2,0.0,76.0,98.0,0.6,170.22,2023,11,1,0,623.1999999999999
2023-11-28,9.0,0.0,95.0,44.0,1.1,135.03,2023,11,0,0,855.0
2023-11-29,12.0,0.0,92.0,58.0,2.4,119.93,2023,11,0,0,1104.0
2023-11-30,12.7,0.6,96.0,40.0,2.9,139.98,2023,11,0,0,1219.1999999999998
2023-12-01,8.1,0.54,66.0,94.0,1.5,214.99,2023,12,0,0,534.6
2023-12-01,8.1,0.54,77.0,94.0,1.5,214.99,2023,12,0,0,623.6999999999999
2023-12-02,7.5,0.0,80.0,107.0,0.9,194.62,2023,12,1,0,600.0
2023-12-02,7.5,0.0,68.0,107.0,0.9,194.62,2023,12,1,0,510.0
2023-12-03,3.9,0.0,83.0,92.0,0.7,174.55,2023,12,1,0,323.7
2023-12-03,3.9,0.0,86.0,92.0,0.7,174.55,2023,12,1,0,335.4
2023-12-05,5.9,0.0,77.0,54.0,0.7,140.26,2023,12,0,0,454.3
2023-12-05,5.9,0.0,74.0,54.0,0.7,140.26,2023,12,0,0,436.6
2023-12-06,5.9,0.0,82.0,67.0,0.5,169.26,2023,12,1,0,483.8
2023-12-06,5.9,0.0,77.0,67.0,0.5,169.26,2023,12,1,0,454.3
2023-12-07,4.8,0.07,98.0,21.0,0.4,138.82,2023,12,0,0,470.4
2023-12-07,4.8,0.07,95.0,21.0,0.4,138.82,2023,12,0,0,456.0
2023-12-08,8.9,0.0,98.0,84.0,0.7821428571428574,90.59,2023,12,1,0,872.2
2023-12-08,8.9,0.0,75.0,84.0,0.7821428571428574,90.59,2023,12,1,0,667.5
2023-12-09,9.6,0.0,68.0,71.0,0.7821428571428574,31.66,2023,12,1,0,652.8
2023-12-09,9.6,0.0,89.0,71.0,0.7821428571428574,31.66,2023,12,1,0,854.4
2023-12-10,11.0,0.0,85.0,18.0,0.7821428571428574,90.95,2023,12,1,0,935.0
2023-12-10,11.0,0.0,96.0,18.0,0.7821428571428574,90.95,2023,12,1,0,1056.0
2023-12-11,10.8,0.0,95.0,39.0,0.5,62.67,2023,12,0,0,1026.0
2023-12-11,10.8,0.0,89.0,39.0,0.5,62.67,2023,12,0,0,961.2
2023-12-12,9.4,0.06,87.0,17.0,0.8,125.83,2023,12,0,0,817.8000000000001
2023-12-12,9.4,0.06,96.0,17.0,0.8,125.83,2023,12,0,0,902.4000000000001
2023-12-13,9.5,0.01,84.0,95.0,1.7,73.83,2023,12,0,0,798.0
2023-12-13,9.5,0.01,73.0,95.0,1.7,73.83,2023,12,0,0,693.5
2023-12-14,6.8,0.0,88.0,96.0,0.8,145.8,2023,12,0,0,598.4
2023-12-14,6.8,0.0,71.0,96.0,0.8,145.8,2023,12,0,0,482.8
2023-12-15,6.8,0.0,82.0,99.0,0.8,130.36,2023,12,0,0,557.6
2023-12-15,6.8,0.0,77.0,99.0,0.8,130.36,2023,12,0,0,523.6
2023-12-16,5.0,0.0,83.0,100.0,0.5,178.28,2023,12,1,0,415.0
2023-12-16,5.0,0.0,79.0,100.0,0.5,178.28,2023,12,1,0,395.0
2023-12-17,4.6,0.0,73.0,101.0,0.5,178.28,2023,12,1,0,335.79999999999995
2023-12-17,4.6,0.0,78.0,101.0,0.5,178.28,2023,12,1,0,358.79999999999995
2023-12-19,4.3,0.0,70.0,98.0,0.7,146.79,2023,12,0,0,301.0
2023-12-19,4.3,0.0,82.0,98.0,0.7,146.79,2023,12,0,0,352.59999999999997
2023-12-20,5.8,0.02,68.0,90.0,1.2,140.79,2023,12,0,0,394.4
2023-12-20,5.8,0.02,72.0,90.0,1.2,140.79,2023,12,0,0,417.59999999999997
2023-12-21,5.8,0.0,66.0,93.0,0.6,205.91,2023,12,0,0,382.8
2023-12-21,5.8,0.0,74.0,93.0,0.6,205.91,2023,12,0,0,429.2
2023-12-22,5.6,0.0,42.0,99.0,0.5,244.42,2023,12,0,0,235.2
2023-12-22,5.6,0.0,79.0,99.0,0.5,244.42,2023,12,0,0,442.4
2023-12-23,5.0,0.0,62.0,100.0,0.5,192.41,2023,12,1,0,310.0
2023-12-23,5.0,0.0,77.0,100.0,0.5,192.41,2023,12,1,0,385.0
2023-12-24,4.4,0.0,67.0,98.0,0.5,216.89,2023,12,1,0,294.8
2023-12-24,4.4,0.0,79.0,98.0,0.5,216.89,2023,12,1,0,347.6
2023-12-25,3.7,0.0,60.0,99.0,0.6,226.89,2023,12,1,0,222.0
2023-12-25,3.7,0.0,84.0,99.0,0.6,226.89,2023,12,1,0,310.8
2023-12-26,3.0,0.0,62.0,100.0,0.6,104.95,2023,12,0,0,186.0
2023-12-26,3.0,0.0,86.0,100.0,0.6,104.95,2023,12,0,0,258.0
2023-12-27,3.2,0.0,62.0,101.0,0.6,91.64,2023,12,0,0,198.4
2023-12-27,3.2,0.0,82.0,101.0,0.6,91.64,2023,12,0,0,262.40000000000003
2023-12-28,2.6,0.0,57.0,54.0,0.5,154.51,2023,12,0,0,148.20000000000002
2023-12-28,2.6,0.0,86.0,54.0,0.5,154.51,2023,12,0,0,223.6
2024-01-03,10.5,0.06,98.0,33.0,1.4,120.0,2024,1,0,0,1029.0
2024-01-04,8.8,0.1,99.0,25.0,0.6,41.9,2024,1,0,0,871.2
2024-01-05,6.7,0.04,78.0,104.0,1.7,122.84,2024,1,0,0,522.6
2024-01-06,6.1,0.0,65.0,110.0,1.6,160.85,2024,1,1,0,396.5
2024-01-07,4.7,0.0,69.0,102.0,0.7,129.62,2024,1,1,0,324.3
2024-01-08,2.6,0.0,75.0,91.0,0.7,96.5,2024,1,0,0,195.0
2024-01-09,5.5,0.0,81.0,43.0,0.6,45.6,2024,1,0,0,445.5
2024-01-10,5.5,0.01,93.0,41.0,1.6,55.2,2024,1,0,0,511.5
2024-02-01,8.7,0.0,75.0,127.0,0.5,181.8,2024,2,0,0,652.5
2024-02-02,8.6,0.0,75.0,132.0,0.8,223.77,2024,2,0,0,645.0
2024-02-03,8.9,0.0,71.0,135.0,0.6,314.13,2024,2,1,0,631.9
2024-02-04,8.4,0.0,67.0,138.0,0.6,638.75,2024,2,1,0,562.8000000000001
2024-02-05,7.7,0.0,71.0,116.0,0.6,82.57,2024,2,0,0,546.7
2024-02-06,8.1,0.0,82.0,105.0,0.8,94.18,2024,2,0,0,664.1999999999999
2024-02-07,8.0,0.0,92.0,64.0,1.0,93.42,2024,2,0,0,736.0
2024-02-08,9.5,0.01,86.0,32.0,1.7,115.8,2024,2,0,0,817.0
2024-02-09,9.2,0.19,96.0,41.0,2.2,152.05,2024,2,0,0,883.1999999999999
2024-02-10,7.3,0.01,70.0,116.0,2.2,225.52,2024,2,1,0,511.0
2024-02-11,5.0,0.0,81.0,71.0,2.0,194.13,2024,2,1,0,405.0
2024-02-13,12.1,0.0,90.0,68.0,0.7,94.95,2024,2,0,0,1089.0
2024-02-14,12.5,0.0,89.0,90.0,0.6,91.84,2024,2,0,0,1112.5
2024-02-15,11.2,0.07,93.0,40.0,1.1,124.59,2024,2,0,0,1041.6
2024-02-16,11.8,0.0,67.0,145.0,1.1,148.1,2024,2,0,0,790.6
2024-02-17,9.3,0.0,69.0,168.0,0.6,716.57,2024,2,1,0,641.7
2024-02-18,9.5,0.0,67.0,158.0,0.5,742.36,2024,2,1,0,636.5
2024-02-20,10.4,0.0,65.0,175.0,0.7,248.57,2024,2,0,0,676.0
2024-02-21,9.1,0.0,77.0,103.0,0.6,260.76,2024,2,0,0,700.6999999999999
2024-02-22,9.9,0.11,85.0,107.0,2.5,146.5,2024,2,0,0,841.5
2024-02-23,6.0,0.0,69.0,118.0,2.1,140.56,2024,2,0,0,414.0
2024-02-24,6.3,0.0,66.0,123.0,1.9,224.67,2024,2,1,0,415.8
2024-02-25,9.0,0.01,89.0,98.0,4.2,158.35,2024,2,1,0,801.0
2024-02-27,7.0,0.0,51.0,169.0,1.3,97.55,2024,2,0,0,357.0
2024-02-28,7.8,0.0,54.0,194.0,1.1,149.57,2024,2,0,0,421.2
2024-02-29,6.8,0.0,68.0,184.0,1.4,150.41,2024,2,0,0,462.4
2024-03-01,7.2,0.0,59.0,171.0,2.1,165.31,2024,3,0,1,424.8
2024-03-03,5.5,0.0,66.0,141.0,1.7,256.51,2024,3,1,1,363.0
2024-03-05,8.8,0.0,59.0,192.0,1.1,163.61,2024,3,0,1,519.2
2024-03-06,7.5,0.0,68.0,194.0,0.6,190.37,2024,3,0,1,510.0
2024-03-07,6.9,0.11,81.0,84.0,1.7,107.05,2024,3,0,1,558.9
2024-03-08,6.2,0.15,83.0,133.0,3.4,109.43,2024,3,0,1,514.6
2024-03-09,5.3,0.12,90.0,115.0,3.1,182.34,2024,3,1,1,477.0
2024-03-10,7.4,0.05,81.0,152.0,2.5,307.4,2024,3,1,1,599.4
2024-03-12,9.3,0.0,67.0,221.0,0.6,207.57,2024,3,0,1,623.1
2024-03-13,11.1,0.0,65.0,214.0,0.7,226.06,2024,3,0,1,721.5
2024-03-14,10.2,0.0,77.0,185.0,1.4,141.1,2024,3,0,1,785.4
2024-03-15,11.7,0.0,79.0,184.0,0.7,200.9,2024,3,0,1,924.3
2024-03-16,12.2,0.0,82.0,186.0,0.7,524.67,2024,3,1,1,1000.4
2024-03-17,14.4,0.0,75.0,182.0,0.6,704.57,2024,3,1,1,1080.0
2024-03-19,16.5,0.0,65.0,196.0,0.7,350.29,2024,3,0,1,1072.5
2024-03-20,16.0,0.0,61.0,178.0,1.1,287.97,2024,3,0,1,976.0
2024-03-21,17.5,0.0,56.0,211.0,1.4,554.39,2024,3,0,1,980.0
2024-03-22,17.7,0.0,57.0,192.0,0.8,625.2,2024,3,0,1,1008.9
2024-03-23,16.5,0.0,62.0,207.0,0.9,715.34,2024,3,1,1,1023.0
2024-03-24,15.9,0.0,58.0,171.0,1.3,672.61,2024,3,1,1,922.2
2024-03-26,5.9,0.05,74.0,166.0,2.7,143.92,2024,3,0,1,436.6
2024-03-27,7.8,0.04,91.0,90.0,4.0,108.12,2024,3,0,1,709.8
2024-03-28,10.4,0.24,82.0,189.0,3.8,40.48,2024,3,0,1,852.8000000000001
2024-03-30,6.6,0.15,91.0,136.0,2.0,8.2,2024,3,1,1,600.6
2024-04-01,7.3,0.02,82.0,249.0,2.8,113.59,2024,4,0,1,598.6
2024-04-02,9.1,0.0,79.0,128.0,1.2,149.3,2024,4,0,1,718.9
2024-04-03,12.3,0.0,72.0,236.0,1.5,198.94,2024,4,0,1,885.6
2024-04-04,13.2,0.0,72.0,242.0,0.8,329.11,2024,4,0,1,950.4
2024-04-05,15.1,0.0,66.0,223.0,0.9,816.0,2024,4,0,1,996.6
2024-04-06,17.7,0.0,53.0,133.0,0.8,763.55,2024,4,1,1,938.0999999999999
2024-04-07,16.7,0.0,67.0,216.0,1.3,1139.5,2024,4,1,1,1118.8999999999999
2024-04-09,10.7,0.0,50.0,289.0,1.0,396.12,2024,4,0,1,535.0
2024-04-10,13.1,0.0,54.0,282.0,0.7,411.5,2024,4,0,1,707.4
2024-04-11,17.7,0.0,54.0,286.0,1.0,651.8,2024,4,0,1,955.8
2024-04-12,17.8,0.0,46.0,289.0,0.8,1037.25,2024,4,0,1,818.8000000000001
2024-04-13,18.5,0.0,53.0,294.0,0.7,1320.8,2024,4,1,1,980.5
2024-04-14,18.7,0.0,51.0,291.0,0.8,1535.3,2024,4,1,1,953.6999999999999
2024-04-16,17.9,0.0,51.0,296.0,0.9,463.65,2024,4,0,1,912.9
2024-04-17,15.6,0.0,48.0,302.0,0.9,502.45,2024,4,0,1,748.8
2024-04-18,14.7,0.0,47.0,309.0,1.2,554.75,2024,4,0,1,690.9
2024-04-19,14.4,0.0,47.0,295.0,0.9,862.25,2024,4,0,1,676.8000000000001
2024-04-20,16.6,0.0,50.0,287.0,0.9,1135.4,2024,4,1,1,830.0000000000001
2024-04-21,16.8,0.0,34.0,309.0,1.0,1231.35,2024,4,1,1,571.2
2024-04-23,10.1,0.0,42.0,296.0,1.1,249.8,2024,4,0,1,424.2
2024-04-24,11.4,0.0,43.0,307.0,1.2,313.9,2024,4,0,1,490.2
2024-04-25,12.6,0.0,47.0,189.0,0.9,291.3,2024,4,0,1,592.1999999999999
2024-04-26,12.3,0.0,57.0,220.0,2.0,235.65,2024,4,0,1,701.1
2024-04-27,10.3,0.19,78.0,233.0,2.9,25.3,2024,4,1,1,803.4000000000001
2024-05-03,12.1,0.0,60.0,330.0,1.3,458.05,2024,5,0,1,726.0
2024-05-04,15.7,0.0,58.0,324.0,2.2,576.1,2024,5,1,1,910.5999999999999
2024-05-05,15.3,0.08,75.0,207.0,2.6,626.7,2024,5,1,1,1147.5
2024-05-06,15.1,0.04,71.0,260.0,1.0,141.6,2024,5,0,1,1072.1
2024-05-07,15.2,0.0,53.0,331.0,0.6,488.35,2024,5,0,1,805.5999999999999
2024-05-08,17.2,0.0,42.0,327.0,1.0,427.5,2024,5,0,1,722.4
2024-05-09,18.9,0.0,45.0,304.0,0.4,522.85,2024,5,0,1,850.4999999999999
2024-05-10,21.2,0.0,42.0,334.0,0.6,1011.1,2024,5,0,1,890.4
2024-05-11,21.4,0.0,38.0,340.0,1.4,1170.9,2024,5,1,1,813.1999999999999
2024-05-12,20.9,0.0,48.0,285.0,0.7,1465.7,2024,5,1,1,1003.1999999999999
2024-05-14,14.9,0.01,52.0,272.0,1.6,239.25,2024,5,0,1,774.8000000000001
2024-05-15,13.2,0.0,47.0,249.0,1.4,1215.1,2024,5,0,1,620.4
2024-05-16,12.7,0.0,53.0,280.0,1.9,270.9,2024,5,0,1,673.0999999999999
2024-05-17,14.5,0.01,63.0,247.0,1.6,574.8,2024,5,0,1,913.5
2024-05-18,15.7,0.0,50.0,310.0,1.0,868.45,2024,5,1,1,785.0
2024-05-19,15.3,0.0,54.0,297.0,1.1,916.75,2024,5,1,1,826.2
2024-05-21,14.6,0.01,62.0,160.0,1.1,255.35,2024,5,0,1,905.1999999999999
2024-05-22,16.1,0.0,52.0,315.0,1.2,359.65,2024,5,0,1,837.2
2024-05-23,17.6,0.0,42.0,358.0,0.6,651.3,2024,5,0,1,739.2
2024-05-24,20.0,0.0,43.0,355.0,1.0,899.35,2024,5,0,1,860.0
2024-05-25,20.3,0.0,38.0,341.0,1.8,956.7,2024,5,1,1,771.4
2024-05-26,21.1,0.0,38.0,329.0,1.7,1321.55,2024,5,1,1,801.8000000000001
2024-05-28,23.7,0.0,44.0,347.0,0.8,615.7,2024,5,0,1,1042.8
2024-05-29,25.8,0.0,36.0,347.0,0.7,613.2,2024,5,0,1,928.8000000000001
2024-05-30,26.5,0.0,37.0,333.0,1.0,884.6,2024,5,0,1,980.5
2024-05-31,22.4,0.0,32.0,357.0,1.5,1039.8,2024,5,0,1,716.8
2024-06-01,19.3,0.0,41.0,347.0,1.6,1196.15,2024,6,1,1,791.3000000000001
2024-06-02,20.3,0.0,38.0,361.0,1.1,1268.1,2024,6,1,1,771.4
2024-06-04,24.2,0.0,45.0,333.0,1.0,610.95,2024,6,0,1,1089.0
2024-06-05,25.6,0.0,37.0,337.0,1.0,766.35,2024,6,0,1,947.2
2024-06-06,25.9,0.05,40.0,309.0,0.8,868.85,2024,6,0,1,1036.0
2024-06-07,26.6,0.0,38.0,240.0,1.3,1141.85,2024,6,0,1,1010.8000000000001
2024-06-08,19.8,0.09,71.0,86.0,1.4,565.6,2024,6,1,1,1405.8
2024-06-09,21.7,0.0,60.0,340.0,1.1,1122.6,2024,6,1,1,1302.0
2024-06-11,19.0,0.0,51.0,352.0,0.8,652.25,2024,6,0,1,969.0
2024-06-12,19.7,0.0,48.0,312.0,1.0,503.25,2024,6,0,1,945.5999999999999
2024-06-13,20.6,0.0,43.0,363.0,1.5,652.85,2024,6,0,1,885.8000000000001
2024-06-14,23.0,0.0,38.0,373.0,2.2,964.0,2024,6,0,1,874.0
2024-06-15,22.8,0.0,39.0,372.0,1.4,822.6,2024,6,1,1,889.2
2024-06-16,22.3,0.0,34.0,369.0,1.3,1164.55,2024,6,1,1,758.2
2024-06-18,20.3,0.02,55.0,172.0,1.4,314.95,2024,6,0,1,1116.5
2024-06-19,18.1,0.0,67.0,287.0,1.3,404.0,2024,6,0,1,1212.7
2024-06-20,16.0,0.08,72.0,210.0,0.9,323.25,2024,6,0,1,1152.0
2024-06-21,20.8,0.0,53.0,351.0,0.7,1060.1,2024,6,0,1,1102.4
2024-06-22,25.9,0.0,34.0,417.0,1.3,838.45,2024,6,1,1,880.5999999999999
2024-06-23,24.4,0.0,45.0,340.0,0.9,914.15,2024,6,1,1,1098.0
2024-06-25,26.6,0.0,45.0,340.0,0.9,528.95,2024,6,0,1,1197.0
2024-06-26,24.7,0.01,54.0,205.0,1.3,457.7,2024,6,0,1,1333.8
2024-06-27,26.3,0.0,44.0,228.0,1.4,603.0,2024,6,0,1,1157.2
2024-06-28,22.8,0.0,50.0,222.0,2.2,469.1,2024,6,0,1,1140.0
2024-06-29,18.7,0.02,76.0,222.0,3.1,719.55,2024,6,1,1,1421.2
2024-06-30,21.0,0.0,62.0,235.0,1.3,872.05,2024,6,1,1,1302.0
2024-07-02,24.1,0.0,43.0,361.0,1.0,347.5,2024,7,0,1,1036.3
2024-07-03,26.3,0.0,31.0,361.0,0.7,601.1,2024,7,0,1,815.3000000000001
2024-07-04,28.8,0.0,30.0,357.0,0.6,618.0,2024,7,0,1,864.0
2024-07-05,29.7,0.0,32.0,342.0,1.2,624.65,2024,7,0,1,950.4
2024-07-06,28.0,0.0,38.0,344.0,1.6,887.65,2024,7,1,1,1064.0
2024-07-07,24.1,0.0,45.0,365.0,1.4,956.2,2024,7,1,1,1084.5
2024-07-09,25.8,0.0,31.0,350.0,1.6,474.15,2024,7,0,1,799.8000000000001
2024-07-10,26.3,0.0,42.0,340.0,1.5,481.15,2024,7,0,1,1104.6000000000001
2024-07-11,28.7,0.0,39.0,355.0,2.2,674.3,2024,7,0,1,1119.3
2024-07-12,27.5,0.0,31.0,359.0,0.9,685.45,2024,7,0,1,852.5
2024-07-13,26.1,0.0,38.0,354.0,1.6,795.85,2024,7,1,1,991.8000000000001
2024-07-14,25.7,0.0,23.0,363.0,2.4,744.8,2024,7,1,1,591.1
2024-07-16,25.3,0.0,33.0,358.0,0.9,466.1,2024,7,0,1,834.9
2024-07-17,26.2,0.0,30.0,341.0,0.7,391.3,2024,7,0,1,786.0
2024-07-18,27.9,0.0,31.0,248.0,1.1,527.1,2024,7,0,1,864.9
2024-07-19,29.5,0.0,27.0,340.0,1.4,485.55,2024,7,0,1,796.5
2024-07-20,28.5,0.0,29.0,338.0,2.2,800.5,2024,7,1,1,826.5
2024-07-21,26.4,0.0,37.0,351.0,1.1,818.3,2024,7,1,1,976.8
2024-07-23,30.7,0.0,27.0,341.0,0.8,483.65,2024,7,0,1,828.9
2024-07-24,32.7,0.0,27.0,329.0,0.9,513.3,2024,7,0,1,882.9000000000001
2024-07-26,31.0,0.0,36.0,298.0,1.0,524.15,2024,7,0,1,1116.0
2024-07-27,31.6,0.0,34.0,318.0,1.3,510.4,2024,7,1,1,1074.4
2024-07-28,31.8,0.0,29.0,317.0,2.1,576.9,2024,7,1,1,922.2
2024-07-29,30.3,0.0,35.0,213.0,1.3,275.75,2024,7,0,1,1060.5
2024-07-30,30.9,0.0,32.0,311.0,1.5,505.1,2024,7,0,1,988.8
2024-07-31,30.3,0.0,30.0,336.0,1.5,444.1,2024,7,0,1,909.0
2024-08-01,29.6,0.0,26.0,338.0,1.3,481.3,2024,8,0,1,769.6
2024-08-02,28.4,0.0,35.0,264.0,0.6,588.05,2024,8,0,1,994.0
2024-08-03,28.7,0.0,40.0,325.0,0.7,522.3,2024,8,1,1,1148.0
2024-08-04,30.2,0.0,30.0,319.0,0.8,552.2,2024,8,1,1,906.0
2024-08-06,30.1,0.0,27.0,318.0,1.0,362.5,2024,8,0,1,812.7
2024-08-07,29.6,0.0,30.0,318.0,0.7,396.6,2024,8,0,1,888.0
2024-08-08,30.9,0.0,30.0,313.0,0.7,330.9,2024,8,0,1,927.0
2024-08-09,31.6,0.0,28.0,309.0,1.0,431.6,2024,8,0,1,884.8000000000001
2024-08-10,32.1,0.0,25.0,314.0,2.0,576.25,2024,8,1,1,802.5
2024-08-15,23.5,0.0,40.0,323.0,1.2,862.85,2024,8,1,1,940.0
2024-08-16,26.7,0.0,36.0,314.0,0.7,497.3,2024,8,0,1,961.1999999999999
2024-08-17,28.0,0.0,29.0,281.0,1.0,448.8,2024,8,1,1,812.0
2024-08-18,28.9,0.0,36.0,303.0,0.9,573.15,2024,8,1,1,1040.3999999999999
2024-08-20,28.8,0.0,29.0,289.0,0.7,380.55,2024,8,0,1,835.2
2024-08-21,28.5,0.0,36.0,289.0,1.1,389.5,2024,8,0,1,1026.0
2024-08-22,29.4,0.0,38.0,277.0,1.2,376.15,2024,8,0,1,1117.2
2024-08-23,28.5,0.0,28.0,286.0,1.1,506.65,2024,8,0,1,798.0
2024-08-24,28.3,0.0,39.0,286.0,1.2,763.1,2024,8,1,1,1103.7
2024-08-25,27.4,0.0,42.0,279.0,1.1,449.6,2024,8,1,1,1150.8
2024-08-27,28.2,0.0,37.0,285.0,1.1,330.9,2024,8,0,1,1043.3999999999999
2024-08-28,28.3,0.0,34.0,269.0,1.0,508.35,2024,8,0,1,962.2
2024-08-29,24.4,0.13,66.0,165.0,1.3,331.2,2024,8,0,1,1610.3999999999999
2024-08-30,25.2,0.0,63.0,224.0,0.9,573.0,2024,8,0,1,1587.6
2024-08-31,22.7,0.05,67.0,193.0,0.9,613.85,2024,8,1,1,1520.8999999999999
2024-09-01,25.1,0.01,60.0,249.0,0.9,1071.4,2024,9,1,0,1506.0
2024-09-03,24.8,0.0,56.0,255.0,1.0,577.6,2024,9,0,0,1388.8
2024-09-04,22.7,0.0,56.0,219.0,1.2,532.4,2024,9,0,0,1271.2
2024-09-05,20.6,0.0,50.0,218.0,0.8,493.55,2024,9,0,0,1030.0
2024-09-06,20.1,0.0,40.0,241.0,1.8,710.65,2024,9,0,0,804.0
2024-09-07,18.8,0.0,37.0,266.0,1.3,960.3,2024,9,1,0,695.6
2024-09-08,20.9,0.0,40.0,261.0,1.3,829.3,2024,9,1,0,836.0
2024-09-10,23.1,0.0,42.0,261.0,0.6,518.1,2024,9,0,0,970.2
2024-09-11,22.4,0.0,36.0,246.0,0.7,519.7,2024,9,0,0,806.4
2024-09-12,22.0,0.0,41.0,249.0,1.0,465.0,2024,9,0,0,902.0
2024-09-13,18.1,0.0,45.0,265.0,1.8,642.2,2024,9,0,0,814.5000000000001
2024-09-14,19.5,0.0,41.0,249.0,0.6,691.0,2024,9,1,0,799.5
2024-09-15,21.8,0.0,35.0,256.0,0.5,918.7,2024,9,1,0,763.0
2024-09-17,20.9,0.0,33.0,248.0,1.5,604.75,2024,9,0,0,689.6999999999999
2024-09-18,21.1,0.0,49.0,224.0,1.1,351.5,2024,9,0,0,1033.9
2024-09-19,18.2,0.09,74.0,125.0,1.0,225.3,2024,9,0,0,1346.8
2024-09-20,17.6,0.0,79.0,135.0,0.5,305.55,2024,9,0,0,1390.4
2024-09-21,19.2,0.0,73.0,159.0,1.3,562.75,2024,9,1,0,1401.6
2024-09-22,18.8,0.0,61.0,198.0,1.0,763.8,2024,9,1,0,1146.8
2024-09-24,16.9,0.0,46.0,137.0,1.7,219.35,2024,9,0,0,777.4
2024-09-25,18.2,0.0,75.0,118.0,2.6,204.95,2024,9,0,0,1365.0
2024-09-26,19.0,0.0,79.0,192.0,4.5,160.65,2024,9,0,0,1501.0
2024-09-27,16.3,0.0,57.0,219.0,1.5,282.35,2024,9,0,0,929.1
2024-09-28,14.8,0.0,43.0,231.0,0.6,511.85,2024,9,1,0,636.4
2024-09-29,16.2,0.0,44.0,221.0,0.5,695.8,2024,9,1,0,712.8
2024-09-30,18.9,0.0,40.0,217.0,0.5,230.7,2024,9,0,0,756.0
2024-10-01,19.1,0.0,46.0,169.0,0.6,319.35,2024,10,0,0,878.6
2024-10-02,20.6,0.0,67.0,114.0,2.1,104.7,2024,10,0,0,1380.2
2024-10-03,20.0,0.0,56.0,198.0,0.8,301.0,2024,10,0,0,1120.0
2024-10-04,18.6,0.0,53.0,170.0,0.4,498.73,2024,10,0,0,985.8000000000001
2024-10-05,18.4,0.0,64.0,192.0,1.4,435.62,2024,10,1,0,1177.6
2024-10-06,19.5,0.0,70.0,116.0,2.7,554.07,2024,10,1,0,1365.0
2024-10-08,14.2,0.0,90.0,83.0,2.3,221.88,2024,10,0,0,1278.0
2024-10-09,16.3,0.14,84.0,49.0,2.9,118.62,2024,10,0,0,1369.2
2024-10-10,15.2,0.0,59.0,176.0,0.8,194.4,2024,10,0,0,896.8
2024-10-11,13.9,0.01,70.0,121.0,0.5,283.12,2024,10,0,0,973.0
2024-10-12,15.9,0.33,94.0,35.0,0.5,263.97,2024,10,1,0,1494.6000000000001
2024-10-13,17.9,0.0,77.0,104.0,0.3,684.2,2024,10,1,0,1378.3
2024-10-15,17.9,0.05,84.0,81.0,1.9,120.49,2024,10,0,0,1503.6
2024-10-16,17.5,0.66,85.0,124.0,2.7,221.81,2024,10,0,0,1487.5
2024-10-17,13.7,0.17,77.0,141.0,2.0,176.7,2024,10,0,0,1054.8999999999999
2024-10-18,13.3,0.0,60.0,175.0,0.9,237.41,2024,10,0,0,798.0
2024-10-19,16.3,0.0,70.0,154.0,0.9,413.51,2024,10,1,0,1141.0
2024-10-20,16.8,0.0,76.0,152.0,0.4,550.22,2024,10,1,0,1276.8
2024-10-24,16.6,0.0,75.0,81.0,0.5,216.33,2024,10,0,0,1245.0
2024-10-25,14.5,0.03,79.0,81.0,0.8,137.42,2024,10,0,0,1145.5
2024-10-26,9.4,0.01,70.0,123.0,1.1,269.11,2024,10,1,0,658.0
2024-10-27,9.1,0.03,76.0,136.0,1.0,218.72,2024,10,1,0,691.6
2024-10-30,15.2,0.19,68.0,122.0,1.5,157.4,2024,10,0,0,1033.6
2024-10-31,16.4,0.0,68.0,136.0,0.7,187.28,2024,10,0,0,1115.1999999999998
2024-11-01,15.9,0.2,82.0,107.0,0.3,241.12,2024,11,1,0,1303.8
2024-11-02,14.5,0.0,80.0,92.0,0.4,397.29,2024,11,1,0,1160.0
2024-11-03,14.4,0.0,79.0,106.0,0.5,398.53,2024,11,1,0,1137.6000000000001
2024-11-05,14.8,0.0,82.0,107.0,0.2,125.89,2024,11,0,0,1213.6000000000001
2024-11-06,14.5,0.0,78.0,103.0,0.2,183.0,2024,11,0,0,1131.0
2024-11-07,13.9,0.0,80.0,116.0,0.3,172.32,2024,11,0,0,1112.0
2024-11-08,12.2,0.0,89.0,49.0,0.2,206.62,2024,11,0,0,1085.8
2024-11-09,12.4,0.0,80.0,95.0,0.2,214.84,2024,11,1,0,992.0
2024-11-10,11.6,0.0,81.0,76.0,0.2,414.27,2024,11,1,0,939.6
2024-11-12,9.9,0.0,61.0,110.0,0.7,84.2,2024,11,0,0,603.9
2024-11-13,6.9,0.08,74.0,28.0,1.5,107.86,2024,11,0,0,510.6
2024-11-14,13.3,0.04,76.0,63.0,0.7,120.07,2024,11,0,0,1010.8000000000001
2024-11-15,14.0,0.0,75.0,44.0,1.5,152.88,2024,11,0,0,1050.0
2024-11-16,11.6,0.0,79.0,66.0,0.5,227.99,2024,11,1,0,916.4
2024-11-17,12.3,0.0,78.0,108.0,0.2,316.09,2024,11,1,0,959.4000000000001
2024-11-19,10.6,0.0,90.0,92.0,0.6,119.35,2024,11,0,0,954.0
2024-11-20,12.3,0.0,73.0,114.0,1.1,196.38,2024,11,0,0,897.9000000000001
2024-11-21,10.5,0.0,86.0,102.0,3.3,104.02,2024,11,0,0,903.0
2024-11-22,11.7,0.0,77.0,89.0,1.8,127.03,2024,11,0,0,900.9
2024-11-23,10.3,0.01,87.0,51.0,0.1,241.63,2024,11,1,0,896.1
2024-11-24,11.9,0.0,83.0,74.0,0.5,300.32,2024,11,1,0,987.7
2024-11-26,7.0,0.0,84.0,72.0,0.1,88.78,2024,11,0,0,588.0
2024-11-27,7.2,0.0,77.0,105.0,0.1,167.84,2024,11,0,0,554.4
2024-11-28,7.7,0.0,80.0,105.0,0.2,126.82,2024,11,0,0,616.0
2024-11-29,9.4,0.0,82.0,89.0,0.2,79.18,2024,11,0,0,770.8000000000001
2024-11-30,10.4,0.0,84.0,94.0,0.2,326.67,2024,11,1,0,873.6
2024-12-01,10.4,0.0,87.0,75.0,0.2,259.46,2024,12,1,0,904.8000000000001
2024-12-03,9.6,0.01,82.0,88.0,0.6,88.5,2024,12,0,0,787.1999999999999
2024-12-04,11.7,0.0,66.0,102.0,0.8,221.86,2024,12,0,0,772.1999999999999
2024-12-05,9.0,0.0,76.0,82.0,0.3,129.2,2024,12,0,0,684.0
2024-12-06,10.4,0.0,81.0,88.0,0.2,171.68,2024,12,1,0,842.4
2024-12-07,10.1,0.0,66.0,104.0,1.5,204.69,2024,12,1,0,666.6
2024-12-08,6.7,0.0,55.0,91.0,0.6,261.64,2024,12,1,0,368.5
2024-12-10,5.0,0.0,67.0,94.0,0.3,102.65,2024,12,0,0,335.0
2024-12-11,6.0,0.0,62.0,39.0,0.5,161.06,2024,12,0,0,372.0
2024-12-12,5.8,0.0,76.0,66.0,0.3,150.04,2024,12,0,0,440.8
2024-12-13,6.5,0.03,84.0,46.0,0.3,136.92,2024,12,0,0,546.0
2024-12-14,0.1,0.0,96.0,1.0,0.1,214.44,2024,12,1,0,9.600000000000001
2024-12-15,7.9,0.0,70.0,45.0,0.2,213.64,2024,12,1,0,553.0
2024-12-17,7.9,0.0,70.0,45.0,0.2,149.3,2024,12,0,0,553.0
2024-12-18,6.0,0.0,79.0,79.0,0.1,102.26,2024,12,0,0,474.0
2024-12-19,8.8,0.0,82.0,64.0,1.1,218.16,2024,12,0,0,721.6
2024-12-20,7.5,0.0,64.0,98.0,0.3,217.89,2024,12,0,0,480.0
2024-12-21,3.7,0.0,74.0,99.0,0.2,219.09,2024,12,1,0,273.8
2024-12-22,6.2,0.0,74.0,93.0,0.6,221.48,2024,12,1,0,458.8
2024-12-24,6.4,0.0,71.0,94.0,0.2,321.4,2024,12,0,0,454.40000000000003
2024-12-27,6.8,0.0,82.0,69.0,0.1,184.4,2024,12,0,0,557.6
2024-12-28,5.3,0.0,80.0,98.0,0.2,170.78,2024,12,1,0,424.0
2024-12-29,4.4,0.0,79.0,100.0,0.2,248.4,2024,12,1,0,347.6
2024-12-31,4.0,0.0,77.0,98.0,0.2,312.08,2024,12,0,0,308.0
